-- MySQL dump 10.13  Distrib 5.6.25, for Win32 (x86)
--
-- Host: localhost    Database: spectrum
-- ------------------------------------------------------
-- Server version	5.6.25

/*!40101 SET @OLD_CHARACTER_SET_CLIENT=@@CHARACTER_SET_CLIENT */;
/*!40101 SET @OLD_CHARACTER_SET_RESULTS=@@CHARACTER_SET_RESULTS */;
/*!40101 SET @OLD_COLLATION_CONNECTION=@@COLLATION_CONNECTION */;
/*!40101 SET NAMES utf8 */;
/*!40103 SET @OLD_TIME_ZONE=@@TIME_ZONE */;
/*!40103 SET TIME_ZONE='+00:00' */;
/*!40014 SET @OLD_UNIQUE_CHECKS=@@UNIQUE_CHECKS, UNIQUE_CHECKS=0 */;
/*!40014 SET @OLD_FOREIGN_KEY_CHECKS=@@FOREIGN_KEY_CHECKS, FOREIGN_KEY_CHECKS=0 */;
/*!40101 SET @OLD_SQL_MODE=@@SQL_MODE, SQL_MODE='NO_AUTO_VALUE_ON_ZERO' */;
/*!40111 SET @OLD_SQL_NOTES=@@SQL_NOTES, SQL_NOTES=0 */;

--
-- Table structure for table `t_backup`
--

DROP TABLE IF EXISTS `t_backup`;
/*!40101 SET @saved_cs_client     = @@character_set_client */;
/*!40101 SET character_set_client = utf8 */;
CREATE TABLE `t_backup` (
  `backupID` int(11) unsigned NOT NULL AUTO_INCREMENT,
  `backupName` varchar(32) NOT NULL COMMENT '备份名称',
  `content` varchar(64) NOT NULL COMMENT '备份内容',
  `description` varchar(256) DEFAULT NULL COMMENT '备份描述',
  `time` bigint(20) NOT NULL COMMENT '备份时间',
  PRIMARY KEY (`backupID`)
) ENGINE=InnoDB AUTO_INCREMENT=5 DEFAULT CHARSET=utf8;
/*!40101 SET character_set_client = @saved_cs_client */;

--
-- Dumping data for table `t_backup`
--

LOCK TABLES `t_backup` WRITE;
/*!40000 ALTER TABLE `t_backup` DISABLE KEYS */;
INSERT INTO `t_backup` VALUES (1,'备份测试','数据库,日志信息,光谱库,插件库,个人收藏夹','第一次备份测试',1474200000000),(2,'备份测试2','日志信息,光谱库,插件库,个人收藏夹','备份测试',1474210000000),(3,'备份1','用户算法文件夹,标准库光谱文件夹','备份备份备份备份备份',1475304131109),(4,'备份测试2','用户收藏夹,用户算法文件夹','收藏夹和算法的备份测试',1475808960931);
/*!40000 ALTER TABLE `t_backup` ENABLE KEYS */;
UNLOCK TABLES;

--
-- Table structure for table `t_content`
--

DROP TABLE IF EXISTS `t_content`;
/*!40101 SET @saved_cs_client     = @@character_set_client */;
/*!40101 SET character_set_client = utf8 */;
CREATE TABLE `t_content` (
  `contentID` int(11) unsigned NOT NULL AUTO_INCREMENT,
  `categoryID` int(11) unsigned DEFAULT NULL COMMENT '内容类别编号',
  `chineseName` varchar(32) NOT NULL,
  `englishName` varchar(16) DEFAULT NULL,
  `chemicalName` varchar(64) DEFAULT NULL COMMENT '化学式',
  PRIMARY KEY (`contentID`),
  KEY `fk_t_content_t_contentcategory_categoryID` (`categoryID`),
  CONSTRAINT `fk_t_content_t_contentcategory_categoryID` FOREIGN KEY (`categoryID`) REFERENCES `t_contentcategory` (`categoryID`) ON DELETE CASCADE ON UPDATE CASCADE
) ENGINE=InnoDB AUTO_INCREMENT=147 DEFAULT CHARSET=utf8;
/*!40101 SET character_set_client = @saved_cs_client */;

--
-- Dumping data for table `t_content`
--

LOCK TABLES `t_content` WRITE;
/*!40000 ALTER TABLE `t_content` DISABLE KEYS */;
INSERT INTO `t_content` VALUES (1,1,'脂肪',NULL,NULL),(2,1,'能量',NULL,NULL),(3,1,'碳水化合物',NULL,NULL),(4,1,'钠',NULL,NULL),(5,1,'膳食纤维',NULL,NULL),(6,1,'可溶性固形物',NULL,NULL),(7,1,'酸价',NULL,NULL),(8,1,'过氧化值',NULL,NULL),(9,2,'能量',NULL,NULL),(10,2,'蛋白质',NULL,NULL),(11,2,'脂肪',NULL,NULL),(12,2,'碳水化合物',NULL,NULL),(13,2,'钠',NULL,NULL),(14,2,'反式脂肪',NULL,NULL),(15,3,'反式脂肪酸',NULL,NULL),(16,3,'饱和脂肪酸/脂肪',NULL,NULL),(17,3,'单元不饱和脂肪酸/脂肪',NULL,NULL),(18,3,'多元不饱和脂肪酸/脂肪',NULL,NULL),(19,3,'总不饱和脂肪酸/脂肪 ',NULL,NULL),(20,4,'淀粉',NULL,NULL),(21,4,'果糖',NULL,NULL),(22,4,'葡萄糖',NULL,NULL),(23,4,'蔗糖',NULL,NULL),(24,4,'总糖',NULL,NULL),(25,4,'还原糖',NULL,NULL),(26,4,'低聚果糖',NULL,NULL),(27,5,'苏丹红Ⅰ',NULL,NULL),(28,5,'苏丹红Ⅱ',NULL,NULL),(29,5,'苏丹红Ⅲ',NULL,NULL),(30,5,'苏丹红Ⅳ',NULL,NULL),(31,5,'甲醛',NULL,NULL),(32,5,'三聚氰胺',NULL,NULL),(33,6,'维生素A视黄醇',NULL,NULL),(34,6,'维生素C(抗坏血酸',NULL,NULL),(35,6,'维生素D',NULL,NULL),(36,6,'维生素E',NULL,NULL),(37,6,'维生素B1(硫胺素',NULL,NULL),(38,6,'维生素B2核黄素',NULL,NULL),(39,6,'维生素B3尼克酸',NULL,NULL),(40,6,'烟酸',NULL,NULL),(41,6,'烟酰胺',NULL,NULL),(42,6,'维生素B4腺嘌呤核苷酸',NULL,NULL),(43,6,'维生素B5(泛酸',NULL,NULL),(44,6,'维生素B6',NULL,NULL),(45,6,'维生素B8生物素',NULL,NULL),(46,6,'维生素B9叶酸',NULL,NULL),(47,6,'维生素B12',NULL,NULL),(48,7,'铅',NULL,NULL),(49,7,'总砷',NULL,NULL),(50,7,'镉',NULL,NULL),(51,7,'铜',NULL,NULL),(52,7,'总汞',NULL,NULL),(53,7,'铁',NULL,NULL),(54,7,'无机砷',NULL,NULL),(55,7,'钠',NULL,NULL),(56,7,'镍',NULL,NULL),(57,7,'锑',NULL,NULL),(58,7,'硒',NULL,NULL),(59,7,'氟',NULL,NULL),(60,8,'苯并芘',NULL,NULL),(61,9,'克伦特罗',NULL,NULL),(62,9,'莱克多巴胺',NULL,NULL),(63,9,'沙丁胺醇',NULL,NULL),(64,10,'孕酮',NULL,NULL),(65,10,'雌二醇',NULL,NULL),(66,11,'黄曲霉毒素B1',NULL,NULL),(67,11,'黄曲霉毒素M1',NULL,NULL),(68,11,'展青霉素',NULL,NULL),(69,11,'菌落总数',NULL,NULL),(70,12,'大肠菌群',NULL,NULL),(71,12,'粪大肠菌群',NULL,NULL),(72,12,'大肠杆菌',NULL,NULL),(73,12,'沙门氏菌',NULL,NULL),(74,12,'志贺氏菌',NULL,NULL),(75,12,'肠球菌',NULL,NULL),(76,12,'单核细胞增生李斯特氏菌',NULL,NULL),(77,12,'副溶 血性弧 菌',NULL,NULL),(78,12,'霉菌计数',NULL,NULL),(79,12,'酵母菌计数',NULL,NULL),(80,12,'嗜渗酵母计数',NULL,NULL),(81,12,'阪崎肠杆菌',NULL,NULL),(82,12,'耐热大肠菌群',NULL,NULL),(83,12,'大肠埃希氏菌',NULL,NULL),(84,12,'金黄色葡萄球菌',NULL,NULL),(85,12,'乳酸菌检验',NULL,NULL),(86,12,'绿脓杆菌',NULL,NULL),(87,12,'肠杆菌科',NULL,NULL),(88,12,'商业无 菌',NULL,NULL),(89,12,'产气荚 膜梭菌',NULL,NULL),(90,12,'亚硫酸盐还原梭状芽孢杆菌',NULL,NULL),(91,12,'肉毒梭菌',NULL,NULL),(92,12,'铜绿假单胞菌',NULL,NULL),(93,12,'粪链球菌',NULL,NULL),(94,13,'邻苯塑化剂',NULL,NULL),(95,14,'六六六',NULL,NULL),(96,14,'滴滴涕',NULL,NULL),(97,14,'三氯杀螨醇',NULL,NULL),(98,14,'氰戊菊酯',NULL,NULL),(99,14,'溴氰菊酯',NULL,NULL),(100,14,'氯菊酯',NULL,NULL),(101,14,'乙酰甲胺磷',NULL,NULL),(102,14,'杀螟硫磷',NULL,NULL),(103,14,'乐果',NULL,NULL),(104,14,'敌敌畏',NULL,NULL),(105,15,'己内酰胺',NULL,NULL),(106,15,'丙烯腈',NULL,NULL),(107,15,'甲醛',NULL,NULL),(108,15,'游离甲醛',NULL,NULL),(109,15,'游离酚',NULL,NULL),(110,15,'邻苯二甲酸盐特定迁移',NULL,NULL),(111,15,'邻苯二甲酸酯含量',NULL,NULL),(112,15,'锑',NULL,NULL),(113,15,'锌',NULL,NULL),(114,15,'高锰酸钾耗氧量CODMn',NULL,NULL),(115,15,'蒸发残渣-水',NULL,NULL),(116,15,'蒸发残渣-4%乙酸',NULL,NULL),(117,15,'蒸发残渣-20%乙醇',NULL,NULL),(118,15,'蒸发残渣-65%乙醇',NULL,NULL),(119,15,'蒸发残渣-正己烷',NULL,NULL),(120,15,'重金属以Pb计',NULL,NULL),(121,15,'脱色试验-乙醇',NULL,NULL),(122,15,'脱色 试验-冷餐油或无色油脂',NULL,NULL),(123,15,'脱色试验-浸泡液',NULL,NULL),(124,15,'苯乙烯',NULL,NULL),(125,15,'乙苯',NULL,NULL),(126,15,'氯乙烯',NULL,NULL),(127,15,'阻湿性透湿/水蒸气透过率',NULL,NULL),(128,15,'阻氧性透氧/氧气透过率',NULL,NULL),(129,15,'热封强度',NULL,NULL),(130,15,'剥离力',NULL,NULL),(131,15,'拉断力横向+纵向',NULL,NULL),(132,15,'伸长率',NULL,NULL),(133,15,'撕裂强度直角撕裂',NULL,NULL),(134,15,'冲击强度抗摆锤冲击',NULL,NULL),(135,15,'摩擦系数',NULL,NULL),(136,15,'溶剂残留',NULL,NULL),(137,15,'抗菌性',NULL,NULL),(138,15,'防霉性',NULL,NULL),(139,15,'防腐性',NULL,NULL),(140,16,'甜味剂',NULL,NULL),(141,16,'合成色素',NULL,NULL),(142,16,'防腐剂',NULL,NULL),(143,16,'面粉添加剂',NULL,NULL),(144,16,'膨松剂',NULL,NULL),(145,16,'漂白剂',NULL,NULL),(146,16,'保水剂',NULL,NULL);
/*!40000 ALTER TABLE `t_content` ENABLE KEYS */;
UNLOCK TABLES;

--
-- Table structure for table `t_contentcategory`
--

DROP TABLE IF EXISTS `t_contentcategory`;
/*!40101 SET @saved_cs_client     = @@character_set_client */;
/*!40101 SET character_set_client = utf8 */;
CREATE TABLE `t_contentcategory` (
  `categoryID` int(11) unsigned NOT NULL AUTO_INCREMENT COMMENT '检测内容类别编号',
  `categoryName` varchar(32) NOT NULL COMMENT '类别名称',
  PRIMARY KEY (`categoryID`),
  UNIQUE KEY `idx_t_contentcategory_categoryName` (`categoryName`) USING BTREE
) ENGINE=InnoDB AUTO_INCREMENT=17 DEFAULT CHARSET=utf8;
/*!40101 SET character_set_client = @saved_cs_client */;

--
-- Dumping data for table `t_contentcategory`
--

LOCK TABLES `t_contentcategory` WRITE;
/*!40000 ALTER TABLE `t_contentcategory` DISABLE KEYS */;
INSERT INTO `t_contentcategory` VALUES (14,'农药残留(农产品)'),(13,'塑化剂'),(12,'微生物'),(10,'性激素'),(11,'毒素'),(8,'污染物'),(1,'理化常规'),(9,'瘦肉精'),(5,'禁止添加的物质'),(4,'糖类'),(6,'维生素'),(3,'脂肪酸'),(2,'营养成分'),(7,'重金属'),(15,'食品包材检测'),(16,'食品添加剂');
/*!40000 ALTER TABLE `t_contentcategory` ENABLE KEYS */;
UNLOCK TABLES;

--
-- Table structure for table `t_detectedcategory`
--

DROP TABLE IF EXISTS `t_detectedcategory`;
/*!40101 SET @saved_cs_client     = @@character_set_client */;
/*!40101 SET character_set_client = utf8 */;
CREATE TABLE `t_detectedcategory` (
  `categoryID` int(11) unsigned NOT NULL AUTO_INCREMENT COMMENT '被检测物分类编号',
  `categoryName` varchar(32) NOT NULL COMMENT '分类名称',
  `parentID` int(11) unsigned DEFAULT NULL COMMENT '父分类编号',
  PRIMARY KEY (`categoryID`),
  UNIQUE KEY `idx_t_detectedcategory_categoryName` (`categoryName`) USING BTREE,
  KEY `fk_t_detectedcategory_parentID` (`parentID`),
  CONSTRAINT `fk_t_detectedcategory_parentID` FOREIGN KEY (`parentID`) REFERENCES `t_detectedcategory` (`categoryID`) ON DELETE CASCADE ON UPDATE CASCADE
) ENGINE=InnoDB AUTO_INCREMENT=3204 DEFAULT CHARSET=utf8;
/*!40101 SET character_set_client = @saved_cs_client */;

--
-- Dumping data for table `t_detectedcategory`
--

LOCK TABLES `t_detectedcategory` WRITE;
/*!40000 ALTER TABLE `t_detectedcategory` DISABLE KEYS */;
INSERT INTO `t_detectedcategory` VALUES (1,'粮食加工品',NULL),(2,'食用油,油脂及其制品',NULL),(3,'调味品',NULL),(4,'肉制品',NULL),(5,'乳制品',NULL),(6,'饮料',NULL),(7,'方便食品',NULL),(8,'饼干类',NULL),(9,'罐头',NULL),(10,'冷冻饮品类',NULL),(11,'速冻食品',NULL),(12,'薯类和膨化食品',NULL),(13,'糖果制品(含巧克力及制品)',NULL),(14,'茶叶及相关制品',NULL),(15,'酒类',NULL),(16,'蔬菜制品',NULL),(17,'水果制品类',NULL),(18,'炒货食品及坚果制品类',NULL),(19,'蛋制品类',NULL),(20,'可可及焙烤咖啡产品',NULL),(21,'食糖',NULL),(22,'水产制品',NULL),(23,'淀粉及淀粉制品类',NULL),(24,'糕点',NULL),(25,'豆制品类',NULL),(26,'蜂产品',NULL),(27,'保健食品',NULL),(28,'特殊医学用途配方食品',NULL),(29,'婴幼儿配方食品',NULL),(30,'特殊膳食食品',NULL),(31,'其他食品类',NULL),(32,'食品添加剂类',NULL),(101,'小麦粉',1),(102,'大米',1),(103,'挂面',1),(104,'其他粮食加工品',1),(201,'食用植物油',2),(202,'食用油脂制品',2),(203,'食用动物油脂',2),(301,'酱油',3),(302,'食醋',3),(303,'味精',3),(304,'酱类',3),(305,'调味料',3),(401,'热加工熟肉制品',4),(402,'发酵肉制品',4),(403,'预制调理肉制品',4),(404,'腌腊肉制品',4),(501,'液体乳',5),(502,'乳粉',5),(503,'其他乳制品',5),(601,'瓶(桶)装饮用水',6),(602,'碳酸饮料(汽水)',6),(603,'茶(类)饮料',6),(604,'果蔬汁类及其饮料',6),(605,'蛋白饮料',6),(606,'固体饮料',6),(607,'其他饮料',6),(701,'方便面',7),(702,'其他方便食品',7),(703,'调味面制品',7),(801,'饼干',8),(901,'畜禽水产罐头',9),(902,'果蔬罐头',9),(903,'其他罐头',9),(1001,'冷冻饮品',10),(1101,'速冻面米食品',11),(1102,'速冻调制食品',11),(1103,'速冻肉制品',11),(1104,'速冻果蔬制品',11),(1105,'速冻水产品',11),(1106,'速冻其他食品',11),(1201,'膨化食品',12),(1202,'薯类食品',12),(1301,'糖果',13),(1302,'巧克力及巧克力制品',13),(1303,'代可可脂巧克力及代可可脂巧克力制品',13),(1304,'果冻',13),(1401,'茶叶',14),(1402,'边销茶',14),(1403,'茶制品',14),(1404,'调味茶',14),(1405,'代用茶',14),(1501,'白酒',15),(1502,'葡萄酒及果酒',15),(1503,'啤酒',15),(1504,'黄酒',15),(1505,'其他酒',15),(1506,'食用酒精',15),(1601,'酱腌菜',16),(1602,'蔬菜干制品',16),(1603,'食用菌制品',16),(1604,'其他蔬菜制品',16),(1701,'蜜饯',17),(1702,'水果制品',17),(1801,'炒货食品及坚果制品',18),(1901,'蛋制品',19),(2001,'可可制品',20),(2002,'焙炒咖啡',20),(2101,'糖',21),(2201,'非即食水产品',22),(2202,'即食水产品',22),(2301,'淀粉及淀粉制品',23),(2302,'淀粉糖',23),(2401,'热加工糕点',24),(2402,'冷加工糕点',24),(2403,'食品馅料',24),(2501,'豆制品',25),(2601,'蜂蜜',26),(2602,'蜂王浆(含蜂王浆冻干品)',26),(2603,'蜂花粉',26),(2604,'蜂产品制品',26),(2901,'婴幼儿配方乳粉',29),(3001,'婴幼儿谷类辅助食品',30),(3002,'婴幼儿罐装辅助食品',30),(3003,'其他特殊膳食食品',30),(3101,'其他食品',31),(3201,'食品添加剂',32),(3202,'食品用香精',32),(3203,'复配食品添加剂',32);
/*!40000 ALTER TABLE `t_detectedcategory` ENABLE KEYS */;
UNLOCK TABLES;

--
-- Table structure for table `t_detectedobject`
--

DROP TABLE IF EXISTS `t_detectedobject`;
/*!40101 SET @saved_cs_client     = @@character_set_client */;
/*!40101 SET character_set_client = utf8 */;
CREATE TABLE `t_detectedobject` (
  `detectedID` varchar(6) NOT NULL COMMENT '被检测物编号',
  `categoryID` int(11) unsigned NOT NULL COMMENT '检测物分类编号',
  `chineseName` varchar(32) NOT NULL COMMENT '中文名称',
  `englishName` varchar(16) DEFAULT NULL COMMENT '英文名称',
  PRIMARY KEY (`detectedID`),
  KEY `fk_t_detectedobject_t_detectedcategory_categoryID` (`categoryID`),
  CONSTRAINT `fk_t_detectedobject_t_detectedcategory_categoryID` FOREIGN KEY (`categoryID`) REFERENCES `t_detectedcategory` (`categoryID`) ON DELETE CASCADE ON UPDATE CASCADE
) ENGINE=InnoDB DEFAULT CHARSET=utf8;
/*!40101 SET character_set_client = @saved_cs_client */;

--
-- Dumping data for table `t_detectedobject`
--

LOCK TABLES `t_detectedobject` WRITE;
/*!40000 ALTER TABLE `t_detectedobject` DISABLE KEYS */;
INSERT INTO `t_detectedobject` VALUES ('100101',1001,'冰淇淋',NULL),('100102',1001,'雪糕',NULL),('100103',1001,'雪泥',NULL),('100104',1001,'冰棍',NULL),('100105',1001,'食用冰',NULL),('100106',1001,'甜味冰',NULL),('100107',1101,'生制速冻饺子',NULL),('100108',1101,'生制速冻汤圆',NULL),('100109',1101,'生制速冻粽子',NULL),('100110',1101,'生制速冻面点',NULL),('100111',1101,'生制速冻其他面米制品',NULL),('100112',1101,'熟制速冻饺子',NULL),('100113',1101,'熟制速冻汤圆',NULL),('100114',1101,'熟制速冻粽子',NULL),('100115',1101,'熟制速冻面点',NULL),('100116',1101,'熟制速冻其他面米制品',NULL),('10101',101,'特制一等小麦粉',NULL),('10102',101,'特制二等小麦粉',NULL),('10103',101,'标准粉',NULL),('10104',101,'普通粉',NULL),('10105',101,'高筋小麦粉',NULL),('10106',101,'低筋小麦粉',NULL),('10107',101,'营养强化小麦粉',NULL),('10108',101,'全麦粉',NULL),('10109',101,'面包用小麦粉',NULL),('10110',101,'面条用小麦粉',NULL),('10111',101,'饺子用小麦粉',NULL),('10112',101,'馒头用小麦粉',NULL),('10113',101,'发酵饼干用小麦粉',NULL),('10114',101,'酥性饼干用小麦粉',NULL),('10115',101,'蛋糕用小麦粉',NULL),('10116',101,'糕点用小麦粉',NULL),('10117',101,'自发小麦粉',NULL),('10118',101,'小麦胚(胚片,胚粉)',NULL),('10201',102,'大米',NULL),('10202',102,'糙米',NULL),('10301',103,'普通挂面',NULL),('10302',103,'蔬菜面',NULL),('10303',103,'鸡蛋面',NULL),('10304',103,'营养强化面',NULL),('10305',103,'杂粮面',NULL),('10306',103,'手工面',NULL),('10401',104,'高粱米',NULL),('10402',104,'黍米',NULL),('10403',104,'稷米',NULL),('10404',104,'小米',NULL),('10405',104,'黑米',NULL),('10406',104,'紫米',NULL),('10407',104,'红线米',NULL),('10408',104,'小麦米',NULL),('10409',104,'大麦米',NULL),('10410',104,'裸大麦米',NULL),('10411',104,'莜麦米(燕麦米)',NULL),('10412',104,'荞麦米',NULL),('10413',104,'薏仁米',NULL),('10414',104,'蒸谷米',NULL),('10415',104,'八宝米类',NULL),('10416',104,'混合杂粮类',NULL),('10417',104,'玉米碜',NULL),('10418',104,'玉米粉',NULL),('10419',104,'燕麦片',NULL),('10420',104,'汤圆粉(糯米粉)',NULL),('10421',104,'莜麦粉',NULL),('10422',104,'玉米自发粉',NULL),('10423',104,'小米粉',NULL),('10424',104,'高粱粉',NULL),('10425',104,'荞麦粉',NULL),('10426',104,'大麦粉',NULL),('10427',104,'青稞粉',NULL),('10428',104,'杂面粉',NULL),('10429',104,'大米粉',NULL),('10430',104,'绿豆粉',NULL),('10431',104,'黄豆粉',NULL),('10432',104,'红豆粉',NULL),('10433',104,'黑豆粉',NULL),('10434',104,'豌豆粉',NULL),('10435',104,'芸豆粉',NULL),('10436',104,'蚕豆粉',NULL),('10437',104,'黍米粉(大黄米粉)',NULL),('10438',104,'稷米粉(糜子面)',NULL),('10439',104,'混合杂粮粉',NULL),('10440',104,'生湿面制品',NULL),('10441',104,'生干面制品',NULL),('10442',104,'米粉制品',NULL),('10443',104,'其他谷物粉类制成品',NULL),('110201',1102,'生制速冻糜类制品',NULL),('110202',1102,'生制速冻其他调制制品',NULL),('110203',1102,'熟制速冻糜类制品',NULL),('110204',1102,'熟制速冻其他调制制品',NULL),('110301',1103,'生制速冻分割肉',NULL),('110302',1103,'生制速冻肉片',NULL),('110303',1103,'生制速冻肉卷',NULL),('110304',1103,'生制速冻内脏',NULL),('110305',1103,'生制速冻其他肉制品',NULL),('110306',1103,'熟制速冻分割肉',NULL),('110307',1103,'熟制速冻肉片',NULL),('110308',1103,'熟制速冻肉卷',NULL),('110309',1103,'熟制速冻内脏',NULL),('110310',1103,'熟制速冻其他肉制品',NULL),('110401',1104,'生制速冻蔬菜',NULL),('110402',1104,'生制速冻水果',NULL),('110403',1104,'生制速冻坚果',NULL),('110404',1104,'生制速冻其他果蔬制品',NULL),('110405',1104,'熟制速冻蔬菜',NULL),('110406',1104,'熟制速冻水果',NULL),('110407',1104,'熟制速冻坚果',NULL),('110408',1104,'熟制速冻其他果蔬制品',NULL),('110501',1105,'生制速冻鱼类',NULL),('110502',1105,'生制速冻虾类',NULL),('110503',1105,'生制速冻蟹类',NULL),('110504',1105,'生制速冻贝类',NULL),('110505',1105,'生制速冻其他水产品',NULL),('110506',1105,'熟制速冻鱼类',NULL),('110507',1105,'熟制速冻虾类',NULL),('110508',1105,'熟制速冻蟹类',NULL),('110509',1105,'熟制速冻贝类',NULL),('110510',1105,'熟制速冻其他水产品',NULL),('110601',1106,'生制其他速冻品',NULL),('110602',1106,'熟制其他速冻品',NULL),('120101',1201,'焙烤型薯类膨化食品',NULL),('120102',1201,'油炸型薯类膨化食品',NULL),('120103',1201,'直接挤压型薯类膨化食品',NULL),('120104',1201,'花色型薯类膨化食品',NULL),('120201',1202,'干制薯类',NULL),('120202',1202,'冷冻薯类',NULL),('120203',1202,'薯泥类',NULL),('120204',1202,'薯粉类',NULL),('120205',1202,'其他薯类',NULL),('130101',1301,'硬质糖果',NULL),('130102',1301,'奶糖糖果',NULL),('130103',1301,'夹心糖果',NULL),('130104',1301,'酥质糖果',NULL),('130105',1301,'焦香糖果(太妃糖果)',NULL),('130106',1301,'充气糖果',NULL),('130107',1301,'凝胶糖果',NULL),('130108',1301,'胶基糖果',NULL),('130109',1301,'压片糖果',NULL),('130110',1301,'流质糖果',NULL),('130111',1301,'膜片糖果',NULL),('130112',1301,'花式糖果',NULL),('130113',1301,'其他糖果',NULL),('130201',1302,'黑巧克力',NULL),('130202',1302,'牛奶巧克力',NULL),('130203',1302,'白巧克力',NULL),('130204',1302,'巧克力制品',NULL),('130301',1303,'代可可脂巧克力',NULL),('130302',1303,'代可可脂巧克力制品',NULL),('130401',1304,'果汁型果冻',NULL),('130402',1304,'果肉型果冻',NULL),('130403',1304,'果味型果冻',NULL),('130404',1304,'含乳型果冻',NULL),('130405',1304,'其他型果冻',NULL),('140101',1401,'绿茶(龙井茶)',NULL),('140102',1401,'绿茶(珠茶)',NULL),('140103',1401,'绿茶(黄山毛峰)',NULL),('140104',1401,'绿茶(都匀毛尖)',NULL),('140105',1401,'红茶(祁门工夫红茶)',NULL),('140106',1401,'红茶(小种红茶)',NULL),('140107',1401,'红茶(红碎茶)',NULL),('140108',1401,'乌龙茶(铁观音茶)',NULL),('140109',1401,'乌龙茶(武夷岩茶)',NULL),('140110',1401,'乌龙茶(凤凰单枞茶)',NULL),('140111',1401,'白茶(白毫银针茶)',NULL),('140112',1401,'白茶(白牡丹茶)',NULL),('140113',1401,'白茶(贡眉茶)',NULL),('140114',1401,'黄茶(蒙顶黄芽茶)',NULL),('140115',1401,'黄茶(霍山黄芽茶)',NULL),('140116',1401,'黄茶(君山银针茶)',NULL),('140117',1401,'黑茶(普洱茶(熟茶)散茶)',NULL),('140118',1401,'黑茶(六堡茶散茶)',NULL),('140119',1401,'花茶(茉莉花茶)',NULL),('140120',1401,'花茶(珠兰花茶)',NULL),('140121',1401,'花茶(桂花茶)',NULL),('140122',1401,'袋泡茶(绿茶袋泡茶)',NULL),('140123',1401,'袋泡茶(红茶袋泡茶)',NULL),('140124',1401,'袋泡茶(花茶袋泡茶)',NULL),('140125',1401,'普洱茶(生茶)紧压茶',NULL),('140126',1401,'普洱茶(熟茶)紧压茶',NULL),('140127',1401,'六堡茶紧压茶',NULL),('140128',1401,'白茶紧压茶',NULL),('140129',1401,'工艺茉莉花茶',NULL),('140130',1401,'蒸团茶',NULL),('140131',1401,'其他茶叶',NULL),('140201',1402,'边销茶(花砖茶)',NULL),('140202',1402,'边销茶(黑砖茶)',NULL),('140203',1402,'边销茶(茯砖茶)',NULL),('140204',1402,'边销茶(康砖茶)',NULL),('140205',1402,'边销茶(沱茶)',NULL),('140206',1402,'边销茶(紧茶)',NULL),('140207',1402,'边销茶(金尖茶)',NULL),('140208',1402,'边销茶(米砖茶)',NULL),('140209',1402,'边销茶(青砖茶)',NULL),('140210',1402,'边销茶(方包茶)',NULL),('140301',1403,'绿茶粉',NULL),('140302',1403,'红茶粉',NULL),('140303',1403,'固态速溶茶(速溶红茶)',NULL),('140304',1403,'固态速溶茶(速溶绿茶)',NULL),('140305',1403,'茶浓缩液(红茶浓缩液)',NULL),('140306',1403,'茶浓缩液(绿茶浓缩液)',NULL),('140307',1403,'普洱茶膏',NULL),('140308',1403,'黑茶膏',NULL),('140309',1403,'调味茶制品(调味茶粉)',NULL),('140310',1403,'调味茶制品(调味速溶茶)',NULL),('140311',1403,'调味茶制品(调味茶浓缩液)',NULL),('140312',1403,'调味茶制品(调味茶膏)',NULL),('140313',1403,'表没食子儿茶素没食子酸酯',NULL),('140314',1403,'绿茶茶氨酸',NULL),('140401',1404,'加料调味茶(八宝茶)',NULL),('140402',1404,'加料调味茶(三泡台)',NULL),('140403',1404,'加料调味茶(枸杞绿茶)',NULL),('140404',1404,'加料调味茶(玄米绿茶)',NULL),('140405',1404,'加香调味茶(柠檬红茶)',NULL),('140406',1404,'加香调味茶(草莓绿茶)',NULL),('140407',1404,'混合调味茶(柠檬枸杞茶)',NULL),('140408',1404,'袋泡调味茶(玫瑰袋泡红茶)',NULL),('140409',1404,'紧压调味茶(荷叶茯砖茶)',NULL),('140501',1405,'叶类代用茶(荷叶)',NULL),('140502',1405,'叶类代用茶(桑叶)',NULL),('140503',1405,'叶类代用茶(薄荷叶)',NULL),('140504',1405,'叶类代用茶(苦丁茶)',NULL),('140505',1405,'花类代用茶(杭白菊)',NULL),('140506',1405,'花类代用茶(金银花)',NULL),('140507',1405,'花类代用茶(重瓣红玫瑰)',NULL),('140508',1405,'果实类代用茶(大麦茶)',NULL),('140509',1405,'果实类代用茶(枸杞子)',NULL),('140510',1405,'果实类代用茶(决明子)',NULL),('140511',1405,'果实类代用茶(苦瓜片)',NULL),('140512',1405,'果实类代用茶(罗汉果)',NULL),('140513',1405,'果实类代用茶(柠檬片)',NULL),('140514',1405,'根茎类代用茶(甘草)',NULL),('140515',1405,'根茎类代用茶(牛蒡根)',NULL),('140516',1405,'根茎类代用茶(人参(人工种植))',NULL),('140517',1405,'混合类代用茶(荷叶玫瑰茶)',NULL),('140518',1405,'混合类代用茶(枸杞菊花茶)',NULL),('140519',1405,'袋泡代用茶(荷叶袋泡茶)',NULL),('140520',1405,'袋泡代用茶(桑叶袋泡茶)',NULL),('140521',1405,'紧压代用茶(紧压菊花茶)',NULL),('150101',1501,'浓香型白酒',NULL),('150102',1501,'清香型白酒',NULL),('150103',1501,'酱香型白酒',NULL),('150104',1501,'米香型白酒',NULL),('150105',1501,'凤香型白酒',NULL),('150106',1501,'兼香型白酒',NULL),('150107',1501,'芝麻香型白酒',NULL),('150108',1501,'特香型白酒',NULL),('150109',1501,'豉香星白酒',NULL),('150110',1501,'老白干香型白酒',NULL),('150111',1501,'浓香型白酒(原酒)',NULL),('150112',1501,'清香型白酒(原酒)',NULL),('150113',1501,'酱香型白酒(原酒)',NULL),('150114',1501,'米香型白酒(原酒)',NULL),('150115',1501,'凤香型白酒(原酒)',NULL),('150116',1501,'兼香型白酒(原酒)',NULL),('150117',1501,'芝麻香型白酒(原酒)',NULL),('150118',1501,'特香型白酒(原酒)',NULL),('150119',1501,'豉香星白酒(原酒)',NULL),('150120',1501,'老白干香型白酒(原酒)',NULL),('150201',1502,'葡萄酒(原酒)',NULL),('150202',1502,'葡萄酒(加工灌装)',NULL),('150203',1502,'冰葡萄酒(原酒)',NULL),('150204',1502,'冰葡萄酒(加工灌装)',NULL),('150205',1502,'其他特种葡萄酒(原酒)',NULL),('150206',1502,'其他特种葡萄酒(加工灌装)',NULL),('150207',1502,'发酵型果酒(原酒)',NULL),('150208',1502,'发酵型果酒(加工灌装)',NULL),('150301',1503,'熟啤酒',NULL),('150302',1503,'生啤酒',NULL),('150303',1503,'鲜啤酒',NULL),('150304',1503,'特种啤酒',NULL),('150401',1504,'黄酒(原酒)',NULL),('150402',1504,'黄酒(加工灌装)',NULL),('150501',1505,'露酒',NULL),('150502',1505,'枸杞酒',NULL),('150503',1505,'枇杷酒',NULL),('150504',1505,'白兰地',NULL),('150505',1505,'威士忌',NULL),('150506',1505,'俄得克',NULL),('150507',1505,'朗姆酒',NULL),('150508',1505,'水果白兰地',NULL),('150509',1505,'水果蒸馏酒',NULL),('150510',1505,'清酒',NULL),('150511',1505,'米酒(醪糟)',NULL),('150512',1505,'奶酒',NULL),('150513',1505,'其它酒',NULL),('150601',1506,'食用酒精',NULL),('150602',1601,'调味榨菜',NULL),('150603',1601,'腌萝卜',NULL),('150604',1601,'腌豇豆',NULL),('150605',1601,'酱渍菜',NULL),('150606',1601,'虾油渍菜',NULL),('150607',1601,'盐水渍菜',NULL),('160201',1602,'自然干制蔬菜',NULL),('160202',1602,'热风干燥蔬菜',NULL),('160203',1602,'冷冻干燥蔬菜',NULL),('160204',1602,'蔬菜脆片',NULL),('160205',1602,'蔬菜粉及制品',NULL),('160301',1603,'干制食用菌',NULL),('160302',1603,'腌渍食用菌',NULL),('160401',1604,'其他蔬菜制品',NULL),('170101',1701,'蜜饯类',NULL),('170102',1701,'凉果类',NULL),('170103',1701,'果脯类',NULL),('170104',1701,'话化类',NULL),('170105',1701,'果丹(饼)类',NULL),('170106',1701,'果糕类',NULL),('170201',1702,'葡萄干',NULL),('170202',1702,'水果脆片',NULL),('170203',1702,'荔枝干',NULL),('170204',1702,'桂圆',NULL),('170205',1702,'椰干',NULL),('170206',1702,'大枣干制品',NULL),('170207',1702,'苹果酱',NULL),('170208',1702,'草莓酱',NULL),('170209',1702,'蓝莓酱',NULL),('170210',1702,'其它水果制品',NULL),('180101',1801,'炒瓜子',NULL),('180102',1801,'炒花生',NULL),('180103',1801,'炒豌豆',NULL),('180104',1801,'油炸青豆',NULL),('180105',1801,'油炸琥珀桃仁',NULL),('180106',1801,'水煮花生',NULL),('180107',1801,'糖炒花生',NULL),('180108',1801,'糖炒瓜子仁',NULL),('180109',1801,'裹衣花生',NULL),('180110',1801,'咸干花生',NULL),('190101',1901,'皮蛋',NULL),('190102',1901,'咸蛋',NULL),('190103',1901,'糟蛋',NULL),('190104',1901,'卤蛋',NULL),('190105',1901,'咸蛋黄',NULL),('190106',1901,'巴氏杀菌鸡全蛋粉',NULL),('190107',1901,'鸡蛋黄粉',NULL),('190108',1901,'鸡蛋白片',NULL),('190109',1901,'巴氏杀菌冻鸡全蛋',NULL),('190110',1901,'冻鸡蛋黄',NULL),('190111',1901,'冰鸡蛋白',NULL),('190112',1901,'鸡蛋豆腐',NULL),('190113',1901,'鸡蛋豆腐干',NULL),('200101',2001,'可可粉',NULL),('200102',2001,'可可脂',NULL),('200103',2001,'可可液块',NULL),('200104',2001,'可可饼块',NULL),('200201',2002,'焙炒咖啡豆',NULL),('200202',2002,'咖啡粉',NULL),('20101',201,'菜籽油',NULL),('20102',201,'大豆油',NULL),('20103',201,'花生油',NULL),('20104',201,'葵花籽油',NULL),('20105',201,'棉籽油',NULL),('20106',201,'亚麻籽油',NULL),('20107',201,'油茶籽油',NULL),('20108',201,'玉米油',NULL),('20109',201,'米糠油',NULL),('20110',201,'芝麻油',NULL),('20111',201,'棕榈油',NULL),('20112',201,'橄榄油',NULL),('20113',201,'食用调和油',NULL),('20114',201,'食用氢化油',NULL),('20201',202,'人造奶油(人造黄油)',NULL),('20202',202,'起酥油',NULL),('20203',202,'代可可脂',NULL),('20204',202,'植脂奶油',NULL),('20205',202,'粉末油脂',NULL),('20206',202,'植脂末',NULL),('20301',203,'猪油',NULL),('20302',203,'牛油',NULL),('20303',203,'羊油',NULL),('20304',203,'鸡油',NULL),('20305',203,'鸭油',NULL),('20306',203,'鹅油',NULL),('20307',203,'骨髓油',NULL),('20308',203,'鱼油',NULL),('210101',2101,'白砂糖',NULL),('210102',2101,'绵白糖',NULL),('210103',2101,'赤砂糖',NULL),('210104',2101,'冰糖(单晶体冰糖)',NULL),('210105',2101,'冰糖(多晶体冰糖)',NULL),('210106',2101,'方糖',NULL),('210107',2101,'冰片糖',NULL),('210108',2101,'红糖',NULL),('210109',2101,'复配糖',NULL),('210110',2101,'其他糖',NULL),('220101',2201,'干制虾米',NULL),('220102',2201,'干制虾皮',NULL),('220103',2201,'干制干贝',NULL),('220104',2201,'干制鱼干',NULL),('220105',2201,'干制鱿鱼干',NULL),('220106',2201,'干燥裙带菜',NULL),('220107',2201,'干海带',NULL),('220108',2201,'紫菜',NULL),('220109',2201,'干海参',NULL),('220110',2201,'干鲍鱼',NULL),('220111',2201,'盐渍海带',NULL),('220112',2201,'盐渍裙带菜',NULL),('220113',2201,'盐渍海蜇皮',NULL),('220114',2201,'盐渍海蜇头',NULL),('220115',2201,'盐渍鱼',NULL),('220116',2201,'鱼糜制品(鱼丸)',NULL),('220117',2201,'鱼糜制品(虾丸)',NULL),('220118',2201,'鱼糜制品(墨鱼丸)',NULL),('220201',2202,'烤鱼片',NULL),('220202',2202,'鱿鱼丝',NULL),('220203',2202,'烤虾',NULL),('220204',2202,'熏鱼',NULL),('220205',2202,'熏鱿鱼',NULL),('220206',2202,'鱼松',NULL),('220207',2202,'炸鱼',NULL),('220208',2202,'五香鱼',NULL),('220209',2202,'糟鱼',NULL),('220210',2202,'即食海参',NULL),('220211',2202,'即食鲍鱼',NULL),('220212',2202,'鱼饼',NULL),('220213',2202,'鱼肠',NULL),('220214',2202,'烤海苔',NULL),('220215',2202,'醉虾',NULL),('220216',2202,'醉泥螺',NULL),('220217',2202,'醉蚶',NULL),('220218',2202,'蟹酱(糊)',NULL),('220219',2202,'生鱼片',NULL),('220220',2202,'生螺片',NULL),('220221',2202,'海蜇丝',NULL),('230101',2301,'谷类淀粉(大米)',NULL),('230102',2301,'谷类淀粉(玉米)',NULL),('230103',2301,'谷类淀粉(高粱)',NULL),('230104',2301,'谷类淀粉(麦)',NULL),('230105',2301,'薯类淀粉(木薯)',NULL),('230106',2301,'薯类淀粉(马铃薯)',NULL),('230107',2301,'薯类淀粉(甘薯)',NULL),('230108',2301,'薯类淀粉(芋头)',NULL),('230109',2301,'豆类淀粉(绿豆)',NULL),('230110',2301,'豆类淀粉(蚕豆)',NULL),('230111',2301,'豆类淀粉(豇豆)',NULL),('230112',2301,'豆类淀粉(豌豆)',NULL),('230113',2301,'其他淀粉(藕)',NULL),('230114',2301,'其他淀粉(荸荠)',NULL),('230115',2301,'其他淀粉(百合)',NULL),('230116',2301,'其他淀粉(蕨根)',NULL),('230117',2301,'淀粉制品(粉丝)',NULL),('230118',2301,'淀粉制品(粉条)',NULL),('230119',2301,'淀粉制品(粉皮)',NULL),('230120',2301,'淀粉制品(虾片)',NULL),('230201',2302,'葡萄糖',NULL),('230202',2302,'饴糖',NULL),('230203',2302,'麦芽糖',NULL),('230204',2302,'异构化糖',NULL),('230205',2302,'低聚异麦芽糖',NULL),('230206',2302,'果葡糖浆',NULL),('230207',2302,'麦芽糊精',NULL),('230208',2302,'葡萄糖浆',NULL),('240101',2401,'烘烤类糕点(酥类)',NULL),('240102',2401,'烘烤类糕点(松酥类)',NULL),('240103',2401,'烘烤类糕点(松脆类)',NULL),('240104',2401,'烘烤类糕点(酥层类)',NULL),('240105',2401,'烘烤类糕点(酥皮类)',NULL),('240106',2401,'烘烤类糕点(松酥皮类)',NULL),('240107',2401,'烘烤类糕点(糖浆皮类)',NULL),('240108',2401,'烘烤类糕点(硬皮类)',NULL),('240109',2401,'烘烤类糕点(水油皮类)',NULL),('240110',2401,'烘烤类糕点(发酵类)',NULL),('240111',2401,'烘烤类糕点(烤蛋糕类)',NULL),('240112',2401,'烘烤类糕点(烘糕类)',NULL),('240113',2401,'烘烤类糕点(烫面类)',NULL),('240114',2401,'烘烤类糕点(其他类)',NULL),('240115',2401,'油炸类糕点(酥皮类)',NULL),('240116',2401,'油炸类糕点(水油皮类)',NULL),('240117',2401,'油炸类糕点(松酥类)',NULL),('240118',2401,'油炸类糕点(酥层类)',NULL),('240119',2401,'油炸类糕点(水调类)',NULL),('240120',2401,'油炸类糕点(发酵类)',NULL),('240121',2401,'油炸类糕点(其他类)',NULL),('240122',2401,'蒸煮类糕点(蒸蛋糕类)',NULL),('240123',2401,'蒸煮类糕点(印模糕类)',NULL),('240124',2401,'蒸煮类糕点(韧糕类)',NULL),('240125',2401,'蒸煮类糕点(发糕类)',NULL),('240126',2401,'蒸煮类糕点(松糕类)',NULL),('240127',2401,'蒸煮类糕点(粽子类)',NULL),('240128',2401,'蒸煮类糕点(水油皮类)',NULL),('240129',2401,'蒸煮类糕点(片糕类)',NULL),('240130',2401,'蒸煮类糕点(其他类)',NULL),('240131',2401,'炒制类糕点',NULL),('240132',2401,'其馒头',NULL),('240133',2401,'花卷',NULL),('240134',2401,'包子',NULL),('240135',2401,'豆包',NULL),('240136',2401,'饺子',NULL),('240137',2401,'发糕',NULL),('240138',2401,'馅饼',NULL),('240139',2401,'油条',NULL),('240140',2401,'油饼',NULL),('240141',2401,'炸糕',NULL),('240142',2401,'窝头',NULL),('240143',2401,'烙饼',NULL),('240201',2402,'热调软糕类糕点',NULL),('240202',2402,'冷调韧糕类糕点',NULL),('240203',2402,'冷调松糕类糕点',NULL),('240204',2402,'印模糕类糕点',NULL),('240205',2402,'挤压糕点类糕点',NULL),('240206',2402,'其他类糕点',NULL),('240207',2402,'西式装饰蛋糕类',NULL),('240208',2402,'上糖浆类',NULL),('240209',2402,'夹心(注心)类',NULL),('240210',2402,'糕团类',NULL),('240211',2402,'其他冷加工糕点',NULL),('240301',2403,'月饼馅料',NULL),('240302',2403,'其它食品馅料',NULL),('250101',2501,'红腐乳',NULL),('250102',2501,'酱腐乳',NULL),('250103',2501,'白腐乳',NULL),('250104',2501,'青腐乳',NULL),('250105',2501,'豆豉',NULL),('250106',2501,'纳豆',NULL),('250107',2501,'豆汁',NULL),('250108',2501,'豆浆',NULL),('250109',2501,'豆腐',NULL),('250110',2501,'豆腐泡',NULL),('250111',2501,'熏干',NULL),('250112',2501,'豆腐脑',NULL),('250113',2501,'豆腐干',NULL),('250114',2501,'腐竹',NULL),('250115',2501,'豆腐皮',NULL),('250116',2501,'素肉',NULL),('250117',2501,'大豆组织蛋白',NULL),('250118',2501,'膨化豆制品',NULL),('260101',2601,'蜂蜜',NULL),('260201',2602,'蜂王浆',NULL),('260202',2602,'蜂王浆冻干品',NULL),('260301',2603,'蜂花粉',NULL),('260401',2604,'蜂产品制品',NULL),('290101',2901,'湿法工艺乳粉',NULL),('290102',2901,'干法工艺乳粉',NULL),('290103',2901,'干湿法复合工艺乳粉',NULL),('300101',3001,'婴幼儿米粉',NULL),('300102',3001,'婴幼儿小米米粉',NULL),('300103',3001,'高蛋白婴幼儿米粉',NULL),('300104',3001,'高蛋白婴幼儿小米米粉',NULL),('300105',3001,'婴幼儿面条',NULL),('300106',3001,'婴幼儿颗粒面',NULL),('300107',3001,'婴幼儿饼干',NULL),('300108',3001,'婴幼儿米饼',NULL),('300109',3001,'婴幼儿磨牙棒',NULL),('300201',3002,'婴幼儿果蔬泥',NULL),('300202',3002,'婴幼儿肉泥',NULL),('300203',3002,'婴幼儿鱼泥',NULL),('300204',3002,'婴幼儿颗粒果蔬泥',NULL),('300205',3002,'婴幼儿颗粒肉泥',NULL),('300206',3002,'婴幼儿颗粒鱼泥',NULL),('300207',3002,'婴幼儿水果汁',NULL),('300208',3002,'婴幼儿蔬菜汁',NULL),('300301',3003,'其他特殊膳食食品',NULL),('30101',301,'酿造酱油',NULL),('30102',301,'配制酱油',NULL),('30201',302,'酿造食醋',NULL),('30202',302,'配制食醋',NULL),('30301',303,'谷氨酸钠(味精)',NULL),('30302',303,'加盐味精',NULL),('30303',303,'增鲜味精',NULL),('30401',304,'稀甜面酱',NULL),('30402',304,'甜面酱',NULL),('30403',304,'大豆酱(黄酱)',NULL),('30404',304,'蚕豆酱',NULL),('30405',304,'豆瓣酱',NULL),('30406',304,'大酱',NULL),('30501',305,'鸡汁调味料',NULL),('30502',305,'牛肉汁调味料',NULL),('30503',305,'烧烤汁',NULL),('30504',305,'鲍鱼汁',NULL),('30505',305,'香辛料调味汁',NULL),('30506',305,'糟卤',NULL),('30507',305,'调味料酒',NULL),('30508',305,'液态复合调味料',NULL),('30509',305,'酸水解植物蛋白调味液',NULL),('30510',305,'花生酱',NULL),('30511',305,'芝麻酱',NULL),('30512',305,'辣椒酱',NULL),('30513',305,'番茄酱',NULL),('30514',305,'风味酱',NULL),('30515',305,'蛋黄酱',NULL),('30516',305,'沙拉酱',NULL),('30517',305,'芥末酱',NULL),('30518',305,'咖喱卤',NULL),('30519',305,'油辣椒',NULL),('30520',305,'火锅蘸料',NULL),('30521',305,'火锅底料',NULL),('30522',305,'排骨酱',NULL),('30523',305,'叉烧酱',NULL),('30524',305,'香辛料酱(泥)',NULL),('30525',305,'复合调味酱',NULL),('30526',305,'鸡精调味料',NULL),('30527',305,'鸡粉调味料',NULL),('30528',305,'畜(禽)粉调味料',NULL),('30529',305,'风味汤料',NULL),('30530',305,'酱油粉',NULL),('30531',305,'食醋粉',NULL),('30532',305,'酱粉',NULL),('30533',305,'咖喱粉',NULL),('30534',305,'香辛料粉',NULL),('30535',305,'酸水解植物蛋白调味料',NULL),('30536',305,'复合调味粉',NULL),('30537',305,'香辛料调味油',NULL),('30538',305,'复合调味油',NULL),('30539',305,'蚝油',NULL),('30540',305,'鱼露',NULL),('30541',305,'虾酱',NULL),('30542',305,'鱼子酱',NULL),('30543',305,'虾油',NULL),('310101',3101,'DHA藻油',NULL),('310102',3101,'花生四烯酸油脂',NULL),('310103',3101,'L-阿拉伯糖',NULL),('310104',3101,'木糖',NULL),('310105',3101,'大豆低聚糖',NULL),('310106',3101,'低聚木糖',NULL),('310107',3101,'低聚果糖',NULL),('310108',3101,'低聚半乳糖',NULL),('310109',3101,'低聚半乳糖制品',NULL),('310110',3101,'菊粉',NULL),('310111',3101,'棉子低聚糖',NULL),('310112',3101,'壳寡糖',NULL),('310113',3101,'蚌肉多糖',NULL),('310114',3101,'白砂糖浆',NULL),('310115',3101,'面包专用糖浆',NULL),('310116',3101,'烘焙糖浆',NULL),('310117',3101,'阿胶膏',NULL),('310118',3101,'清膏',NULL),('310119',3101,'蜜膏',NULL),('310120',3101,'阿胶固元糕',NULL),('310121',3101,'冰淇淋粉',NULL),('310122',3101,'饼干预拌粉',NULL),('310123',3101,'面包预拌粉',NULL),('310124',3101,'蛋糕预拌粉',NULL),('310125',3101,'大豆蛋白粉',NULL),('310126',3101,'大豆肽粉',NULL),('310127',3101,'花生蛋白粉',NULL),('310128',3101,'复合氨基酸粉',NULL),('310129',3101,'复合益生菌豆',NULL),('310130',3101,'螺旋藻制品',NULL),('310131',3101,'即食鲜切蔬果',NULL),('310132',3101,'凉拌菜',NULL),('310133',3101,'方便菜肴',NULL),('310134',3101,'食用槟榔',NULL),('310135',3101,'干酵母',NULL),('310136',3101,'酵母抽提物',NULL),('310137',3101,'酵母浸出物',NULL),('310138',3101,'酵母制品',NULL),('310139',3101,'γ-氨基丁酸',NULL),('310140',3101,'乳酸菌粉',NULL),('320101',3201,'食品添加剂产品名称',NULL),('320102',3202,'液体香精',NULL),('320103',3202,'乳化香精',NULL),('320104',3202,'浆(膏)状香精',NULL),('320105',3202,'粉末)香精',NULL),('320106',3202,'香精(拌和,胶囊)',NULL),('320301',3203,'复配食品添加剂明细',NULL),('40101',401,'酱卤肉类',NULL),('40102',401,'糟肉类',NULL),('40103',401,'白煮肉类',NULL),('40104',401,'熏肉',NULL),('40105',401,'烤肉',NULL),('40106',401,'烤鸡腿',NULL),('40107',401,'烤鸭',NULL),('40108',401,'烤鸡',NULL),('40109',401,'叉烧肉',NULL),('40110',401,'灌肠类',NULL),('40111',401,'西式火腿',NULL),('40112',401,'炸猪皮',NULL),('40113',401,'炸鸡翅',NULL),('40114',401,'炸肉丸',NULL),('40115',401,'肉松类',NULL),('40116',401,'肉干类',NULL),('40117',401,'肉脯',NULL),('40118',401,'熟培根',NULL),('40119',401,'熟腊肉',NULL),('40120',401,'肉糕类',NULL),('40121',401,'肉冻类(肉皮冻水晶肉)',NULL),('40122',401,'血豆腐',NULL),('40201',402,'发酵灌肠制品',NULL),('40202',402,'发酵火腿制品',NULL),('40301',403,'冷藏预制调理肉类',NULL),('40302',403,'冷冻预制调理肉类',NULL),('40401',404,'咸肉类',NULL),('40402',404,'腊肉类',NULL),('40403',404,'风干肠类',NULL),('40404',404,'风干鹅',NULL),('40405',404,'腌制猪肘',NULL),('40406',404,'中国火腿',NULL),('40407',404,'生培根',NULL),('40408',404,'生香肠',NULL),('40409',404,'生发酵香肠',NULL),('40410',404,'巴氏杀菌乳',NULL),('50101',501,'调制乳',NULL),('50102',501,'灭菌乳',NULL),('50103',501,'发酵乳',NULL),('50201',502,'全脂乳粉',NULL),('50202',502,'脱脂乳粉',NULL),('50203',502,'部分脱脂乳粉',NULL),('50204',502,'调制乳粉',NULL),('50205',502,'牛初乳粉',NULL),('50301',503,'炼乳',NULL),('50302',503,'奶油',NULL),('50303',503,'稀奶油',NULL),('50304',503,'无水奶油',NULL),('50305',503,'干酪',NULL),('50306',503,'再制干酪',NULL),('50307',503,'特色乳制品',NULL),('60101',601,'饮用天然矿泉水',NULL),('60102',601,'饮用纯净水',NULL),('60103',601,'饮用天然泉水',NULL),('60104',601,'饮用天然水',NULL),('60105',601,'其他饮用水',NULL),('60201',602,'果汁型碳酸饮料',NULL),('60202',602,'果味型碳酸饮料',NULL),('60203',602,'可乐型碳酸饮料',NULL),('60204',602,'其他型碳酸饮料',NULL),('60301',603,'原茶汁',NULL),('60302',603,'茶浓缩液',NULL),('60303',603,'茶饮料',NULL),('60304',603,'果汁茶饮料',NULL),('60305',603,'奶茶饮料',NULL),('60306',603,'复合茶饮料',NULL),('60307',603,'混合茶饮料',NULL),('60401',604,'原榨果汁',NULL),('60402',604,'果汁',NULL),('60403',604,'蔬菜汁',NULL),('60404',604,'果浆',NULL),('60405',604,'蔬菜浆',NULL),('60406',604,'复合果蔬汁',NULL),('60407',604,'复合果蔬浆',NULL),('60408',604,'浓缩果蔬汁',NULL),('60409',604,'果蔬汁饮料',NULL),('60410',604,'果肉饮料',NULL),('60411',604,'果浆饮料',NULL),('60412',604,'复合果蔬汁饮料',NULL),('60413',604,'果蔬汁饮料浓浆',NULL),('60414',604,'发酵果蔬汁饮料',NULL),('60415',604,'水果饮料',NULL),('60501',605,'含乳饮料',NULL),('60502',605,'植物蛋白饮料',NULL),('60503',605,'复合蛋白饮料',NULL),('60601',606,'风味固体饮料',NULL),('60602',606,'蛋白固体饮料',NULL),('60603',606,'果蔬固体饮料',NULL),('60604',606,'茶固体饮料',NULL),('60605',606,'咖啡固体饮料',NULL),('60606',606,'可可粉固体饮料',NULL),('60607',606,'植物固体饮料',NULL),('60608',606,'谷物固体饮料',NULL),('60609',606,'营养素固体饮料',NULL),('60610',606,'食用菌固体饮料',NULL),('60701',607,'咖啡饮料',NULL),('60702',607,'植物饮料',NULL),('60703',607,'风味饮料',NULL),('60704',607,'运动饮料',NULL),('60705',607,'营养素饮料',NULL),('60706',607,'能量饮料',NULL),('60707',607,'电解质饮料',NULL),('60708',607,'饮料浓浆',NULL),('60709',607,'其他类饮料',NULL),('70101',701,'方便面',NULL),('70201',702,'方便米饭',NULL),('70202',702,'方便粥',NULL),('70203',702,'方便米粉',NULL),('70204',702,'方便米线',NULL),('70205',702,'方便粉丝',NULL),('70206',702,'方便湿米粉',NULL),('70207',702,'方便豆花',NULL),('70208',702,'方便湿面',NULL),('70209',702,'凉粉',NULL),('70210',702,'麦片',NULL),('70211',702,'黑芝麻糊',NULL),('70212',702,'红枣羹',NULL),('70213',702,'油茶',NULL),('70214',702,'即食谷物粉',NULL),('7301',703,'辣条',NULL),('80101',801,'酥性饼干',NULL),('80102',801,'韧性饼干',NULL),('80103',801,'发酵饼干',NULL),('80104',801,'压缩饼干',NULL),('80105',801,'曲奇饼干',NULL),('80106',801,'夹心饼干',NULL),('80107',801,'威化饼干',NULL),('80108',801,'蛋圆饼干',NULL),('80109',801,'蛋卷',NULL),('80110',801,'煎饼',NULL),('80111',801,'装饰饼干',NULL),('80112',801,'水泡饼干',NULL),('80113',801,'其他饼干',NULL),('90101',901,'火腿猪肉罐头',NULL),('90102',901,'火腿罐头',NULL),('90103',901,'肉类罐头',NULL),('90104',901,'鱼罐头',NULL),('90105',901,'回锅肉罐头',NULL),('90106',901,'红烧扣肉罐头',NULL),('90107',901,'五香肉丁罐头',NULL),('90108',901,'凤尾鱼罐头',NULL),('90109',901,'红烧排骨罐头',NULL),('90110',901,'豆豉鲮鱼罐头',NULL),('90111',901,'香菇肉酱罐头',NULL),('90112',901,'榨菜肉丝罐头',NULL),('90113',901,'其它畜禽水产罐头',NULL),('90201',902,'菠萝罐头',NULL),('90202',902,'蚕豆罐头',NULL),('90203',902,'蘑菇罐头',NULL),('90204',902,'什锦水果罐头',NULL),('90205',902,'竹笋罐头',NULL),('90206',902,'莲藕罐头',NULL),('90207',902,'糖水枇杷罐头',NULL),('90208',902,'盐水红豆罐头',NULL),('90209',902,'其它果蔬罐头',NULL),('90301',903,'花生米罐头',NULL),('90302',903,'琥珀核桃仁罐头',NULL),('90303',903,'咸核桃仁罐头',NULL),('90304',903,'八宝粥罐头',NULL);
/*!40000 ALTER TABLE `t_detectedobject` ENABLE KEYS */;
UNLOCK TABLES;

--
-- Table structure for table `t_detectedstandrad`
--

DROP TABLE IF EXISTS `t_detectedstandrad`;
/*!40101 SET @saved_cs_client     = @@character_set_client */;
/*!40101 SET character_set_client = utf8 */;
CREATE TABLE `t_detectedstandrad` (
  `detectedID` varchar(6) NOT NULL COMMENT '被检测物编号',
  `contentID` int(11) unsigned NOT NULL COMMENT '检测内容编号',
  `standards` varchar(32) DEFAULT NULL COMMENT '执行标准',
  `standardLine` double NOT NULL COMMENT '标准线',
  `value` double DEFAULT NULL COMMENT '波动值',
  `unit` varchar(16) DEFAULT NULL COMMENT '标准线单位',
  PRIMARY KEY (`detectedID`,`contentID`),
  KEY `fk_t_detectedStandrad_t_content_contentID` (`contentID`),
  CONSTRAINT `fk_t_detectedStandrad_t_content_contentID` FOREIGN KEY (`contentID`) REFERENCES `t_content` (`contentID`) ON DELETE CASCADE ON UPDATE CASCADE,
  CONSTRAINT `fk_t_detectedStandrad_t_detectedobject_detectedID` FOREIGN KEY (`detectedID`) REFERENCES `t_detectedobject` (`detectedID`) ON DELETE CASCADE ON UPDATE CASCADE
) ENGINE=InnoDB DEFAULT CHARSET=utf8;
/*!40101 SET character_set_client = @saved_cs_client */;

--
-- Dumping data for table `t_detectedstandrad`
--

LOCK TABLES `t_detectedstandrad` WRITE;
/*!40000 ALTER TABLE `t_detectedstandrad` DISABLE KEYS */;
INSERT INTO `t_detectedstandrad` VALUES ('10101',1,'GB/T 30942-2014',60.5,5,'毫克');
/*!40000 ALTER TABLE `t_detectedstandrad` ENABLE KEYS */;
UNLOCK TABLES;

--
-- Table structure for table `t_favorite`
--

DROP TABLE IF EXISTS `t_favorite`;
/*!40101 SET @saved_cs_client     = @@character_set_client */;
/*!40101 SET character_set_client = utf8 */;
CREATE TABLE `t_favorite` (
  `favoriteID` int(11) unsigned NOT NULL AUTO_INCREMENT COMMENT '收藏夹编号',
  `userID` int(11) unsigned NOT NULL COMMENT '用户编号',
  `favoriteName` varchar(16) NOT NULL COMMENT '收藏夹名称',
  `path` varchar(256) NOT NULL COMMENT '收藏夹路径',
  PRIMARY KEY (`favoriteID`),
  KEY `t_favorite_t_user_userID` (`userID`),
  CONSTRAINT `t_favorite_t_user_userID` FOREIGN KEY (`userID`) REFERENCES `t_user` (`userID`) ON DELETE CASCADE ON UPDATE CASCADE
) ENGINE=InnoDB AUTO_INCREMENT=4 DEFAULT CHARSET=utf8;
/*!40101 SET character_set_client = @saved_cs_client */;

--
-- Dumping data for table `t_favorite`
--

LOCK TABLES `t_favorite` WRITE;
/*!40000 ALTER TABLE `t_favorite` DISABLE KEYS */;
INSERT INTO `t_favorite` VALUES (1,4,'testfavorite','user@qq.com/testfavorite'),(2,4,'测试的收藏夹','user@qq.com/测试的收藏夹'),(3,3,'mytest','lab@qq.com\\mytest');
/*!40000 ALTER TABLE `t_favorite` ENABLE KEYS */;
UNLOCK TABLES;

--
-- Table structure for table `t_favoritespectrum`
--

DROP TABLE IF EXISTS `t_favoritespectrum`;
/*!40101 SET @saved_cs_client     = @@character_set_client */;
/*!40101 SET character_set_client = utf8 */;
CREATE TABLE `t_favoritespectrum` (
  `favoriteID` int(11) unsigned NOT NULL AUTO_INCREMENT COMMENT '收藏夹编号',
  `spectrumID` varchar(18) NOT NULL COMMENT '光谱编号',
  PRIMARY KEY (`favoriteID`,`spectrumID`),
  KEY `fk_t_favoritespectrum_t_spectrum_spectrumID` (`spectrumID`),
  CONSTRAINT `fk_t_favoritespectrum_t_favorite_favoriteID` FOREIGN KEY (`favoriteID`) REFERENCES `t_favorite` (`favoriteID`) ON DELETE CASCADE ON UPDATE CASCADE,
  CONSTRAINT `fk_t_favoritespectrum_t_spectrum_spectrumID` FOREIGN KEY (`spectrumID`) REFERENCES `t_spectrum` (`spectrumID`) ON DELETE CASCADE ON UPDATE CASCADE
) ENGINE=InnoDB AUTO_INCREMENT=4 DEFAULT CHARSET=utf8;
/*!40101 SET character_set_client = @saved_cs_client */;

--
-- Dumping data for table `t_favoritespectrum`
--

LOCK TABLES `t_favoritespectrum` WRITE;
/*!40000 ALTER TABLE `t_favoritespectrum` DISABLE KEYS */;
INSERT INTO `t_favoritespectrum` VALUES (1,'1234567890'),(1,'1234567891'),(3,'1234567892'),(3,'1234567893');
/*!40000 ALTER TABLE `t_favoritespectrum` ENABLE KEYS */;
UNLOCK TABLES;

--
-- Table structure for table `t_function`
--

DROP TABLE IF EXISTS `t_function`;
/*!40101 SET @saved_cs_client     = @@character_set_client */;
/*!40101 SET character_set_client = utf8 */;
CREATE TABLE `t_function` (
  `functionID` int(11) unsigned NOT NULL AUTO_INCREMENT COMMENT '功能编号',
  `functionName` varchar(32) NOT NULL COMMENT '功能名',
  `functionURL` varchar(64) NOT NULL COMMENT '功能链接',
  PRIMARY KEY (`functionID`),
  UNIQUE KEY `idx_t_function_functionName` (`functionName`)
) ENGINE=InnoDB AUTO_INCREMENT=164 DEFAULT CHARSET=utf8;
/*!40101 SET character_set_client = @saved_cs_client */;

--
-- Dumping data for table `t_function`
--

LOCK TABLES `t_function` WRITE;
/*!40000 ALTER TABLE `t_function` DISABLE KEYS */;
INSERT INTO `t_function` VALUES (1,'验证码','verifycode'),(2,'登录','login'),(3,'注册','register'),(4,'角色申请','applyRole'),(5,'申请取消管理员权限','applyCancelAdmin'),(6,'解冻申请','applyThaw'),(7,'冻结账号','frozen'),(8,'审核角色申请','examineRoleApplication'),(9,'审核解冻申请','examineThawApplication'),(10,'修改用户基本信息','modifyUserInfo'),(11,'修改密码','modifyPassword'),(12,'找回密码','findPassword'),(13,'新建收藏夹','createFavorite'),(14,'删除收藏夹','deleteFavorite'),(15,'修改收藏夹名称','modifyFavoriteName'),(16,'退出/注销账号','logout'),(17,'查看用户收藏夹','myFavorite'),(18,'下载用户角色申请文件','downloadFile'),(19,'发送找密码的邮件','findPasswordEmail'),(20,'预处理','pretreatment'),(21,'收藏光谱到收藏夹','collectSpectrum'),(22,'删除个人空间中的光谱','deleteSpectrum'),(23,'更改光谱坐标单位','swapCoordinate'),(24,'频率标准化','frequencyStandardization'),(25,'差谱','substractSpectrum'),(26,'乘谱','multiplySpectrum'),(27,'谱图运算','arithmeticSpectrum'),(28,'噪声测量','measureNoise'),(29,'平均值测量','measureAverageValue'),(30,'导数谱图','derivativeSpectrum'),(31,'标峰','getPeaks'),(32,'平滑谱图','smoothSpectrum'),(33,'自动基线校正谱图','calibrationSpectrum'),(34,'修改个人空间中的光谱','modifySpectrum'),(35,'提交光谱到标准库','submitSpectrum'),(36,'审核上传到标准库的光谱','auditSpectrum'),(37,'上传光谱文件','uploadSpectrum'),(40,'获取报告','getReport'),(41,'删除个人空间中的报告','deleteReport'),(42,'收藏报告','collectReport'),(43,'加载光谱文件到前台','loadSpectrumFile'),(60,'上传算法插件','uploadPlugin'),(61,'下载算法插件','downloadPlugin'),(62,'修改算法插件的信息','modifyPlugin'),(63,'审核算法插件','auditPlugin'),(64,'删除算法插件','deletePlugin'),(70,'备份系统文件','backup'),(71,'恢复系统文件','recover'),(72,'添加硬件','addHardware'),(73,'修改硬件','modifyHardware'),(74,'删除硬件','deleteHardware'),(80,'添加被检测物','addDetectedObject'),(81,'修改被检测物','modifyDetectedObject'),(82,'删除被检测物','deleteDetectedObject'),(83,'添加检测内容','addDetectedContent'),(84,'修改检测内容','modifyDetectedContent'),(85,'删除检测内容','deleteDetectedContent'),(100,'查询所有用户','users'),(101,'查询所有管理员','admins'),(103,'查询用户详情','queryUserDetail'),(104,'查询收藏夹','queryFavorite'),(105,'查询用户收藏夹','queryUserFavorite'),(106,'查询用户解冻申请','queryUserThawApplication'),(107,'查询用户角色申请','queryUserRoleApplication'),(110,'查询光谱','querySpectrum'),(111,'查询收藏夹光谱详情','queryFavoriteSpectrumDetail'),(112,'查询提交光谱','querySubmitSpectrum'),(113,'查询提交光谱详情','querySubmitSpectrumDetail'),(114,'查询光谱类型','querySpectrumType'),(115,'查询光谱文件类型','querySpectrumFileType'),(116,'查询光谱内容','querySpectrumContent'),(120,'查询算法列表（管理员页面）','queryPluginList'),(121,'查询算法列表（实验员页面）','queryMyPluginList'),(122,'查询算法信息','queryPluginDetail'),(123,'查询算法阿甲克斯','queryPluginAjax'),(130,'查询恢复列表','queryRecoverList'),(131,'查询单个恢复信息','queryRecover'),(132,'查询备份文件(一个或多个)','queryBackup'),(140,'查询日志列表','queryLog'),(141,'查询日志详情','queryLogDetail'),(150,'查询硬件列表','queryHardwareList'),(151,'查询硬件详情','queryHardwareDetail'),(152,'查询算法光谱类型','queryHardwareSpectrumType'),(153,'查询算法光谱文件类型','queryHardwareSpectrumFileType'),(160,'查询被检测物','queryDetectedObject'),(161,'查询被检测物详情','queryDetectedObjectDetail'),(162,'查询检测内容','queryDectectedContent'),(163,'查询检测内容详情','queryDetectedContentDetail');
/*!40000 ALTER TABLE `t_function` ENABLE KEYS */;
UNLOCK TABLES;

--
-- Table structure for table `t_functionalgroup`
--

DROP TABLE IF EXISTS `t_functionalgroup`;
/*!40101 SET @saved_cs_client     = @@character_set_client */;
/*!40101 SET character_set_client = utf8 */;
CREATE TABLE `t_functionalgroup` (
  `functionalGroupID` int(11) unsigned NOT NULL AUTO_INCREMENT COMMENT '官能团编号',
  `spectrumTypeID` int(11) unsigned DEFAULT NULL COMMENT '光谱类型编号',
  `contentID` int(11) unsigned DEFAULT NULL COMMENT '检测内容编号',
  `chineseName` varchar(64) NOT NULL,
  `englishName` varchar(32) DEFAULT NULL,
  `molecularFormula` varchar(64) NOT NULL COMMENT '分子式',
  `structuralPic` varchar(256) DEFAULT NULL COMMENT '结构式图片',
  PRIMARY KEY (`functionalGroupID`),
  KEY `spectrumTypeID` (`spectrumTypeID`),
  KEY `contentID` (`contentID`),
  CONSTRAINT `fk_t_functionalgroup_t_content_contentID` FOREIGN KEY (`contentID`) REFERENCES `t_content` (`contentID`) ON DELETE CASCADE ON UPDATE CASCADE,
  CONSTRAINT `fk_t_functionalgroup_t_spectrumtype_spectrumTypeID` FOREIGN KEY (`spectrumTypeID`) REFERENCES `t_spectrumtype` (`spectrumTypeID`) ON DELETE CASCADE ON UPDATE CASCADE
) ENGINE=InnoDB DEFAULT CHARSET=utf8;
/*!40101 SET character_set_client = @saved_cs_client */;

--
-- Dumping data for table `t_functionalgroup`
--

LOCK TABLES `t_functionalgroup` WRITE;
/*!40000 ALTER TABLE `t_functionalgroup` DISABLE KEYS */;
/*!40000 ALTER TABLE `t_functionalgroup` ENABLE KEYS */;
UNLOCK TABLES;

--
-- Table structure for table `t_hardware`
--

DROP TABLE IF EXISTS `t_hardware`;
/*!40101 SET @saved_cs_client     = @@character_set_client */;
/*!40101 SET character_set_client = utf8 */;
CREATE TABLE `t_hardware` (
  `hardwareID` int(11) unsigned NOT NULL AUTO_INCREMENT COMMENT '设备编号',
  `hardwareName` varchar(64) NOT NULL COMMENT '设备名称',
  `addTime` bigint(20) NOT NULL COMMENT '添加时间',
  PRIMARY KEY (`hardwareID`)
) ENGINE=InnoDB AUTO_INCREMENT=82 DEFAULT CHARSET=utf8;
/*!40101 SET character_set_client = @saved_cs_client */;

--
-- Dumping data for table `t_hardware`
--

LOCK TABLES `t_hardware` WRITE;
/*!40000 ALTER TABLE `t_hardware` DISABLE KEYS */;
INSERT INTO `t_hardware` VALUES (1,'PerkinElmer 红外光谱仪Spectrum Two',1474200000000),(2,'Q1000手持式油液状态监控仪',1474200000000),(3,'WQF-510A傅立叶变换红外光谱仪',1474200000000),(4,'傅立叶变换红外光谱仪FTIR-650',1474200000000),(5,'安捷伦4500增塑剂检测专用分析仪',1474200000000),(6,'Nicolet iS50 傅立叶变换红外光谱仪',1474200000000),(7,'WQF-520A傅立叶变换红外光谱仪',1474200000000),(8,'Nicolet iS10 傅立叶变换红外光谱仪',1474200000000),(9,'海洋光学IDRaman mini 手持式拉曼系统',1474200000000),(10,'钢研纳克smart便携式的台式拉曼光谱仪',1474200000000),(11,'DXR 智能拉曼光谱仪',1474200000000),(12,'手持式拉曼光谱仪TruScan RM',1474200000000),(13,'Cobalt RapID空间位移拉曼光谱仪',1474200000000),(14,'Kaiser拉曼在线生物工艺分析仪',1474200000000),(15,'NanoRam手持式拉曼鉴定系统',1474200000000),(16,'全自动拉曼光谱仪-XploRA PLUS',1474200000000),(17,'﻿AFS-9780全自动四灯位注射式氢化物发生原子荧光光度计',1474200000000),(18,'DCMA-200型直接进样汞镉测试仪',1474200000000),(19,'RGF¬8780原子荧光光度计',1474200000000),(20,'SK-博析-LC 液相色谱原子荧光联用仪',1474200000000),(21,'AFS-9700全自动注射泵原子荧光光度计',1474200000000),(22,'AFS-9130型全自动内置式顺序注射原子荧光光度计',1474200000000),(23,'AF-7500型原子荧光光度计',1474200000000),(24,'AFS-9330型全自动六灯位顺序注射原子荧光光度计',1474200000000),(25,'DCMA-200型直接进样汞镉测试仪',1474200000000),(26,'RGF¬8780原子荧光光度计',1474200000000),(27,'SK-博析-LC 液相色谱原子荧光联用仪',1474200000000),(28,'AF-7500型原子荧光光度计',1474200000000),(29,'AFS-9780全自动四灯位注射式氢化物发生原子荧光光度计',1474200000000),(30,'AF-7550型双道氢化物-原子荧光光度计',1474200000000),(31,'AFS-9330型全自动六灯位顺序注射原子荧光光度计',1474200000000),(32,'AFS-9700全自动注射泵原子荧光光度计',1474200000000),(33,'PerkinElmer 原子吸收光谱仪',1474200000000),(34,'耶拿ZEEnit®700P火焰石墨炉原子吸收光谱仪',1474200000000),(35,'AA－7020型原子吸收分光光度计',1474200000000),(36,'原子吸收分光光度计AA-7000',1474200000000),(37,'仪电科仪 4510F原子吸收分光光度计',1474200000000),(38,'WFX-210原子吸收分光光度计',1474200000000),(39,'TAS-990原子吸收分光光度计',1474200000000),(40,'WFX-910便携式原子吸收光谱仪',1474200000000),(41,'聚光ICP-5000电感耦合等离子体发射光谱仪',1474200000000),(42,'PQ9000 高分辨率ICP-OES',1474200000000),(43,'PerkinElmer Optima 8000 等离子体发射光谱仪',1474200000000),(44,'Plasma 2000 全谱电感耦合等离子光谱仪',1474200000000),(45,'Prodigy7 等离子体发射光谱仪',1474200000000),(46,'赛默飞 iCAP 7000 系列 ICP-OES',1474200000000),(47,'ICP发射光谱仪ICPS-8100',1474200000000),(48,'5100 ICP-OES',1474200000000),(49,'F97系列荧光分光光度计',1474200000000),(50,'同步吸收-三维荧光扫描光谱仪Aqualog®',1474200000000),(51,'爱丁堡一体化稳态瞬态荧光光谱仪FS5',1474200000000),(52,'岛津荧光分光光度计 RF-6000',1474200000000),(53,'超快时间分辨荧光光谱仪DeltaFlex',1474200000000),(54,'荧光分光光度计F-380',1474200000000),(55,'高灵敏一体式荧光光谱仪-FluoroMax-4',1474200000000),(56,'F96S高速荧光分光光度计',1474200000000),(57,'SparkCCD 6000 火花直读光谱仪',1474200000000),(58,'德国OBLF GS1000-II型直读光谱仪',1474200000000),(59,'台式直读光谱仪FOUNDRY-MASTER Smart',1474200000000),(60,'ARL easySpark 全谱直读光谱仪',1474200000000),(61,'岛津光电直读光谱仪 PDA-5000',1474200000000),(62,'火花直读光谱仪1000型',1474200000000),(63,'M5000 CCD全谱直读光谱仪',1474200000000),(64,'岛津光电发射光谱仪PDA-8000',1474200000000),(65,'聚光科技 SupNIR¬2700系列近红外分析仪',1474200000000),(66,'海能仪器 Spectrastar2500XL系列近红外光谱仪',1474200000000),(67,'福斯NIRS DS 2500 多功能近红外分析仪',1474200000000),(68,'[海洋光学]NIRQUEST近红外光谱仪',1474200000000),(69,'VIAVI MicroNIR Pro微型近红外光谱仪',1474200000000),(70,'瑞士万通_DS 2500 近红外光谱分析仪',1474200000000),(71,'瑞士万通PRO 近红外在线分析仪',1474200000000),(72,'XDS SmartProbe 近红外光谱分析仪',1474200000000),(73,'影像校正光谱仪 OmniEvo180“优雅型”',1474200000000),(74,'193mm焦距高光通量影像校正光栅光谱仪-SR193i',1474200000000),(75,'真空紫外光栅光谱仪',1474200000000),(76,'iHR320/iHR550成像光谱仪',1474200000000),(77,'FHR640/FHR1000光谱仪',1474200000000),(78,'紫外可见便携式光谱仪OL756',1474200000000),(79,'Horiba 多功能成像高分辨光谱仪（iHR550）',1474200000000),(80,'7IGF10定光栅摄谱仪，光谱仪',1474200000000),(81,'添加的硬件',1475639420876);
/*!40000 ALTER TABLE `t_hardware` ENABLE KEYS */;
UNLOCK TABLES;

--
-- Table structure for table `t_hardwarespectrumfiletype`
--

DROP TABLE IF EXISTS `t_hardwarespectrumfiletype`;
/*!40101 SET @saved_cs_client     = @@character_set_client */;
/*!40101 SET character_set_client = utf8 */;
CREATE TABLE `t_hardwarespectrumfiletype` (
  `hardwareID` int(11) unsigned NOT NULL COMMENT '设备编号',
  `spectrumFileTypeID` int(11) unsigned NOT NULL DEFAULT '1' COMMENT '光谱文件格式编号',
  PRIMARY KEY (`hardwareID`,`spectrumFileTypeID`),
  KEY `spectrumFileTypeID` (`spectrumFileTypeID`),
  CONSTRAINT `fk_t_hardwarespectrumfiletype_spectrumFileTypeID` FOREIGN KEY (`spectrumFileTypeID`) REFERENCES `t_spectrumfiletype` (`spectrumFileTypeID`) ON DELETE CASCADE ON UPDATE CASCADE,
  CONSTRAINT `fk_t_hardwarespectrumfiletype_t_hardware_hardwareID` FOREIGN KEY (`hardwareID`) REFERENCES `t_hardware` (`hardwareID`) ON DELETE CASCADE ON UPDATE CASCADE
) ENGINE=InnoDB DEFAULT CHARSET=utf8;
/*!40101 SET character_set_client = @saved_cs_client */;

--
-- Dumping data for table `t_hardwarespectrumfiletype`
--

LOCK TABLES `t_hardwarespectrumfiletype` WRITE;
/*!40000 ALTER TABLE `t_hardwarespectrumfiletype` DISABLE KEYS */;
INSERT INTO `t_hardwarespectrumfiletype` VALUES (1,1),(2,1),(3,1),(4,1),(5,1),(6,1),(7,1),(8,1),(9,1),(10,1),(11,1),(12,1),(13,1),(14,1),(15,1),(16,1),(17,1),(18,1),(19,1),(20,1),(21,1),(22,1),(23,1),(24,1),(25,1),(26,1),(27,1),(28,1),(29,1),(30,1),(31,1),(32,1),(33,1),(34,1),(35,1),(36,1),(37,1),(38,1),(39,1),(40,1),(41,1),(42,1),(43,1),(44,1),(45,1),(46,1),(47,1),(48,1),(49,1),(50,1),(51,1),(52,1),(53,1),(54,1),(55,1),(56,1),(57,1),(58,1),(59,1),(60,1),(61,1),(62,1),(63,1),(64,1),(65,1),(66,1),(67,1),(68,1),(69,1),(70,1),(71,1),(72,1),(73,1),(74,1),(75,1),(76,1),(77,1),(78,1),(79,1),(80,1),(1,2),(2,2),(4,2),(5,2),(6,2),(7,2),(81,2),(1,3),(3,3);
/*!40000 ALTER TABLE `t_hardwarespectrumfiletype` ENABLE KEYS */;
UNLOCK TABLES;

--
-- Table structure for table `t_hardwarespectrumtype`
--

DROP TABLE IF EXISTS `t_hardwarespectrumtype`;
/*!40101 SET @saved_cs_client     = @@character_set_client */;
/*!40101 SET character_set_client = utf8 */;
CREATE TABLE `t_hardwarespectrumtype` (
  `hardwareID` int(11) unsigned NOT NULL COMMENT '设备编号',
  `spectrumTypeID` int(11) unsigned NOT NULL DEFAULT '1' COMMENT '光谱类型编号',
  PRIMARY KEY (`hardwareID`,`spectrumTypeID`),
  KEY `spectrumTypeID` (`spectrumTypeID`),
  CONSTRAINT `fk_t_hardwarespectrumtype_t_hardware_hardwareID` FOREIGN KEY (`hardwareID`) REFERENCES `t_hardware` (`hardwareID`) ON DELETE CASCADE ON UPDATE CASCADE,
  CONSTRAINT `fk_t_hardwarespectrumtype_t_spectrumtype_spectrumTypeID` FOREIGN KEY (`spectrumTypeID`) REFERENCES `t_spectrumtype` (`spectrumTypeID`) ON DELETE CASCADE ON UPDATE CASCADE
) ENGINE=InnoDB DEFAULT CHARSET=utf8;
/*!40101 SET character_set_client = @saved_cs_client */;

--
-- Dumping data for table `t_hardwarespectrumtype`
--

LOCK TABLES `t_hardwarespectrumtype` WRITE;
/*!40000 ALTER TABLE `t_hardwarespectrumtype` DISABLE KEYS */;
INSERT INTO `t_hardwarespectrumtype` VALUES (1,1),(2,1),(3,1),(4,1),(5,1),(6,1),(7,1),(8,1),(64,1),(65,1),(66,1),(67,1),(68,1),(69,1),(70,1),(71,1),(72,1),(9,2),(10,2),(11,2),(12,2),(13,2),(14,2),(15,2),(16,2),(81,2),(17,3),(18,3),(19,3),(20,3),(21,3),(22,3),(23,3),(24,3),(25,3),(26,3),(27,3),(28,3),(29,3),(30,3),(31,3),(32,4),(33,4),(34,4),(35,4),(36,4),(37,4),(38,4),(39,4),(40,4),(49,5),(50,5),(51,5),(52,5),(53,5),(54,5),(55,5),(56,5),(41,6),(42,6),(43,6),(44,6),(45,6),(46,6),(47,6),(48,6),(57,7),(58,7),(59,7),(60,7),(61,7),(62,7),(63,7),(73,8),(74,8),(75,8),(76,8),(77,8),(78,8),(79,8),(80,8);
/*!40000 ALTER TABLE `t_hardwarespectrumtype` ENABLE KEYS */;
UNLOCK TABLES;

--
-- Table structure for table `t_log`
--

DROP TABLE IF EXISTS `t_log`;
/*!40101 SET @saved_cs_client     = @@character_set_client */;
/*!40101 SET character_set_client = utf8 */;
CREATE TABLE `t_log` (
  `logID` bigint(20) unsigned NOT NULL AUTO_INCREMENT COMMENT '日志编号',
  `level` enum('INFO','WARN','ERROR','FATAL') NOT NULL DEFAULT 'INFO' COMMENT '日志等级',
  `type` enum('USER','ADMIN','SYSTEM') NOT NULL DEFAULT 'USER' COMMENT '日志类型',
  `time` bigint(20) NOT NULL COMMENT '日志时间',
  `userID` int(11) unsigned DEFAULT NULL COMMENT '用户编号',
  `ip` varchar(16) DEFAULT NULL COMMENT 'IpV4地址',
  `functionID` int(11) unsigned DEFAULT NULL COMMENT '功能',
  `content` varchar(1024) DEFAULT NULL COMMENT '具体内容',
  PRIMARY KEY (`logID`),
  KEY `userID` (`userID`),
  KEY `functionID` (`functionID`),
  CONSTRAINT `fk_t_log_t_function_functionID` FOREIGN KEY (`functionID`) REFERENCES `t_function` (`functionID`) ON DELETE SET NULL ON UPDATE CASCADE,
  CONSTRAINT `fk_t_log_t_user_userID` FOREIGN KEY (`userID`) REFERENCES `t_user` (`userID`) ON DELETE SET NULL ON UPDATE CASCADE
) ENGINE=InnoDB AUTO_INCREMENT=14 DEFAULT CHARSET=utf8;
/*!40101 SET character_set_client = @saved_cs_client */;

--
-- Dumping data for table `t_log`
--

LOCK TABLES `t_log` WRITE;
/*!40000 ALTER TABLE `t_log` DISABLE KEYS */;
INSERT INTO `t_log` VALUES (1,'INFO','ADMIN',1474200000001,1,'192.168.1.100',4,'查看用户列表'),(2,'INFO','USER',1474200000000,4,'192.168.1.100',2,'用户登录了'),(3,'ERROR','SYSTEM',1474200000002,NULL,NULL,1,'系统出错啦'),(4,'ERROR','SYSTEM',1475409852711,NULL,NULL,150,'配置文件错误，未找到符合传入的[queryHardwareList]的配置文件'),(5,'ERROR','SYSTEM',1475410257153,NULL,NULL,100,'配置文件错误，未找到符合传入的[users]的配置文件'),(6,'ERROR','SYSTEM',1475414636554,NULL,NULL,73,'配置文件错误，未找到符合传入的[modifyHardware]的配置文件'),(7,'ERROR','SYSTEM',1475637896227,NULL,NULL,73,'java.sql.SQLException: Lock wait timeout exceeded; try restarting transaction Query: UPDATE t_hardware SET hardwareName=? where hardwareID = ?  Parameters: [去去去去去去去, 81]'),(8,'ERROR','SYSTEM',1475637951735,NULL,NULL,73,'java.sql.SQLException: Lock wait timeout exceeded; try restarting transaction Query: UPDATE t_hardware SET hardwareName=? where hardwareID = ?  Parameters: [去去去去去去去, 81]'),(9,'ERROR','SYSTEM',1475809306963,NULL,NULL,71,'Source \'D:\\WebServer\\apache-tomcat-6\\webapps\\Spectrum\\WEB-INF\\data\\backup\\备份测试2_1475808960931\' does not exist'),(10,'ERROR','SYSTEM',1475809376454,NULL,NULL,71,'Source \'\' does not exist'),(11,'ERROR','SYSTEM',1475809553206,NULL,NULL,70,'Source \'D:\\WebServer\\apache-tomcat-6\\webapps\\Spectrum\\WEB-INF\\data\\userFavorite\' does not exist'),(12,'ERROR','SYSTEM',1475809583717,NULL,NULL,70,'Source \'D:\\WebServer\\apache-tomcat-6\\webapps\\Spectrum\\WEB-INF\\data\\userPlugin\' does not exist');
/*!40000 ALTER TABLE `t_log` ENABLE KEYS */;
UNLOCK TABLES;

--
-- Table structure for table `t_plugin`
--

DROP TABLE IF EXISTS `t_plugin`;
/*!40101 SET @saved_cs_client     = @@character_set_client */;
/*!40101 SET character_set_client = utf8 */;
CREATE TABLE `t_plugin` (
  `pluginID` int(11) unsigned NOT NULL AUTO_INCREMENT COMMENT '算法插件编号',
  `userID` int(11) unsigned DEFAULT NULL COMMENT '用户编号',
  `pluginType` enum('预处理算法','数据处理算法','光谱解析算法','光谱分析算法') NOT NULL COMMENT '算法类型',
  `pluginName` varchar(32) NOT NULL COMMENT '算法名称',
  `description` text NOT NULL COMMENT '算法描述',
  `version` varchar(16) NOT NULL COMMENT '算法版本',
  `codePath` varchar(256) NOT NULL COMMENT '算法源码路径',
  `jarPath` varchar(256) NOT NULL COMMENT 'jar包路径',
  `addTime` bigint(20) NOT NULL COMMENT '添加时间',
  `state` enum('通过','等待','拒绝') NOT NULL DEFAULT '等待' COMMENT '审核状态',
  PRIMARY KEY (`pluginID`),
  KEY `userID` (`userID`),
  CONSTRAINT `fk_t_plugin_t_user_userID` FOREIGN KEY (`userID`) REFERENCES `t_user` (`userID`) ON DELETE SET NULL ON UPDATE CASCADE
) ENGINE=InnoDB AUTO_INCREMENT=4 DEFAULT CHARSET=utf8;
/*!40101 SET character_set_client = @saved_cs_client */;

--
-- Dumping data for table `t_plugin`
--

LOCK TABLES `t_plugin` WRITE;
/*!40000 ALTER TABLE `t_plugin` DISABLE KEYS */;
INSERT INTO `t_plugin` VALUES (1,3,'预处理算法','总强度归一化','总强度归一化','1.0.0','NormalizationPlugin.jar','NormalizationPlugin.jar',1474200000000,'通过'),(2,3,'数据处理算法','寻峰算法','寻峰算法','1.0.0','PeakSeekingPlugin.jar','PeakSeekingPlugin.jar',1474200000000,'通过'),(3,3,'光谱分析算法','未完成的分析算法','未完成的分析算法','0.0.0','AnalysisPluginApiImpl.jar','AnalysisPluginApiImpl.jar',1474200000000,'等待');
/*!40000 ALTER TABLE `t_plugin` ENABLE KEYS */;
UNLOCK TABLES;

--
-- Table structure for table `t_plugin_detected_content`
--

DROP TABLE IF EXISTS `t_plugin_detected_content`;
/*!40101 SET @saved_cs_client     = @@character_set_client */;
/*!40101 SET character_set_client = utf8 */;
CREATE TABLE `t_plugin_detected_content` (
  `pluginID` int(11) unsigned NOT NULL COMMENT '算法插件编号',
  `detectedID` varchar(6) NOT NULL COMMENT '被检测物编号',
  `contentID` int(11) unsigned NOT NULL COMMENT '检测内容编号',
  PRIMARY KEY (`pluginID`,`detectedID`,`contentID`),
  KEY `detectedID` (`detectedID`),
  KEY `contentID` (`contentID`),
  CONSTRAINT `fk_t_plugin_detected_content_t_content_contentID` FOREIGN KEY (`contentID`) REFERENCES `t_content` (`contentID`) ON DELETE CASCADE ON UPDATE CASCADE,
  CONSTRAINT `fk_t_plugin_detected_content_t_detectedobject_detectedID` FOREIGN KEY (`detectedID`) REFERENCES `t_detectedobject` (`detectedID`) ON DELETE CASCADE ON UPDATE CASCADE,
  CONSTRAINT `fk_t_plugin_detected_content_t_plugin_pluginID` FOREIGN KEY (`pluginID`) REFERENCES `t_plugin` (`pluginID`) ON DELETE CASCADE ON UPDATE CASCADE
) ENGINE=InnoDB DEFAULT CHARSET=utf8;
/*!40101 SET character_set_client = @saved_cs_client */;

--
-- Dumping data for table `t_plugin_detected_content`
--

LOCK TABLES `t_plugin_detected_content` WRITE;
/*!40000 ALTER TABLE `t_plugin_detected_content` DISABLE KEYS */;
/*!40000 ALTER TABLE `t_plugin_detected_content` ENABLE KEYS */;
UNLOCK TABLES;

--
-- Table structure for table `t_plugin_hardware_spectrumtype`
--

DROP TABLE IF EXISTS `t_plugin_hardware_spectrumtype`;
/*!40101 SET @saved_cs_client     = @@character_set_client */;
/*!40101 SET character_set_client = utf8 */;
CREATE TABLE `t_plugin_hardware_spectrumtype` (
  `pluginID` int(11) unsigned NOT NULL COMMENT '算法插件编号',
  `hardwareID` int(11) unsigned DEFAULT NULL COMMENT '硬件编号',
  `spectrumTypeID` int(11) unsigned DEFAULT NULL COMMENT '光谱类型编号',
  KEY `pluginID` (`pluginID`),
  KEY `hardwareID` (`hardwareID`),
  KEY `spectrumTypeID` (`spectrumTypeID`),
  CONSTRAINT `fk_t_plugin_hardware_spectrumtype_t_hardware_hardwareID` FOREIGN KEY (`hardwareID`) REFERENCES `t_hardware` (`hardwareID`) ON DELETE CASCADE ON UPDATE CASCADE,
  CONSTRAINT `fk_t_plugin_hardware_spectrumtype_t_plugin_pluginID` FOREIGN KEY (`pluginID`) REFERENCES `t_plugin` (`pluginID`) ON DELETE CASCADE ON UPDATE CASCADE,
  CONSTRAINT `fk_t_plugin_hardware_spectrumtype_t_spectrumtype_spectrumTypeID` FOREIGN KEY (`spectrumTypeID`) REFERENCES `t_spectrumtype` (`spectrumTypeID`) ON DELETE CASCADE ON UPDATE CASCADE
) ENGINE=InnoDB DEFAULT CHARSET=utf8;
/*!40101 SET character_set_client = @saved_cs_client */;

--
-- Dumping data for table `t_plugin_hardware_spectrumtype`
--

LOCK TABLES `t_plugin_hardware_spectrumtype` WRITE;
/*!40000 ALTER TABLE `t_plugin_hardware_spectrumtype` DISABLE KEYS */;
/*!40000 ALTER TABLE `t_plugin_hardware_spectrumtype` ENABLE KEYS */;
UNLOCK TABLES;

--
-- Table structure for table `t_pluginrel`
--

DROP TABLE IF EXISTS `t_pluginrel`;
/*!40101 SET @saved_cs_client     = @@character_set_client */;
/*!40101 SET character_set_client = utf8 */;
CREATE TABLE `t_pluginrel` (
  `mainID` int(11) unsigned NOT NULL COMMENT '主算法编号',
  `subID` int(11) unsigned NOT NULL COMMENT '子算法编号',
  KEY `mainID` (`mainID`),
  KEY `subID` (`subID`),
  CONSTRAINT `fk_t_pluginrel_t_plugin_mainID` FOREIGN KEY (`mainID`) REFERENCES `t_plugin` (`pluginID`) ON DELETE CASCADE ON UPDATE CASCADE,
  CONSTRAINT `fk_t_pluginrel_t_plugin_subID` FOREIGN KEY (`subID`) REFERENCES `t_plugin` (`pluginID`) ON DELETE CASCADE ON UPDATE CASCADE
) ENGINE=InnoDB DEFAULT CHARSET=utf8;
/*!40101 SET character_set_client = @saved_cs_client */;

--
-- Dumping data for table `t_pluginrel`
--

LOCK TABLES `t_pluginrel` WRITE;
/*!40000 ALTER TABLE `t_pluginrel` DISABLE KEYS */;
INSERT INTO `t_pluginrel` VALUES (1,2);
/*!40000 ALTER TABLE `t_pluginrel` ENABLE KEYS */;
UNLOCK TABLES;

--
-- Table structure for table `t_power`
--

DROP TABLE IF EXISTS `t_power`;
/*!40101 SET @saved_cs_client     = @@character_set_client */;
/*!40101 SET character_set_client = utf8 */;
CREATE TABLE `t_power` (
  `roleID` tinyint(3) unsigned NOT NULL,
  `functionID` int(11) unsigned NOT NULL,
  PRIMARY KEY (`roleID`,`functionID`),
  KEY `fk_power_function_functionID` (`functionID`),
  CONSTRAINT `fk_power_function_functionID` FOREIGN KEY (`functionID`) REFERENCES `t_function` (`functionID`) ON DELETE CASCADE ON UPDATE CASCADE,
  CONSTRAINT `fk_power_role_roleID` FOREIGN KEY (`roleID`) REFERENCES `t_role` (`roleID`) ON DELETE CASCADE ON UPDATE CASCADE
) ENGINE=InnoDB DEFAULT CHARSET=utf8;
/*!40101 SET character_set_client = @saved_cs_client */;

--
-- Dumping data for table `t_power`
--

LOCK TABLES `t_power` WRITE;
/*!40000 ALTER TABLE `t_power` DISABLE KEYS */;
INSERT INTO `t_power` VALUES (1,1),(2,1),(3,1),(4,1),(5,1),(1,2),(2,2),(3,2),(4,2),(5,2),(5,3),(2,4),(3,4),(4,4),(2,5),(3,6),(4,6),(1,7),(2,7),(1,8),(2,8),(1,9),(2,9),(1,10),(2,10),(3,10),(4,10),(1,11),(2,11),(3,11),(4,11),(1,12),(2,12),(3,12),(4,12),(5,12),(2,13),(3,13),(4,13),(2,14),(3,14),(4,14),(2,15),(3,15),(4,15),(1,16),(2,16),(3,16),(4,16),(5,16),(2,17),(3,17),(4,17),(3,18),(4,18),(1,19),(2,20),(3,20),(2,21),(3,21),(4,21),(2,22),(3,22),(4,22),(2,23),(3,23),(2,24),(3,24),(2,25),(3,25),(2,26),(3,26),(2,27),(3,27),(2,28),(3,28),(4,28),(2,29),(3,29),(4,29),(2,30),(3,30),(2,31),(3,31),(4,31),(2,32),(3,32),(2,33),(3,33),(2,34),(3,34),(4,34),(2,35),(3,35),(2,36),(2,37),(3,37),(4,37),(2,40),(3,40),(4,40),(2,41),(3,41),(4,41),(2,42),(3,42),(4,42),(2,43),(3,43),(4,43),(2,60),(3,60),(2,61),(3,61),(2,62),(3,62),(2,63),(2,64),(3,64),(1,70),(1,71),(2,72),(2,73),(2,74),(2,80),(2,81),(2,82),(2,83),(2,84),(2,85),(1,100),(2,100),(1,101),(1,103),(2,103),(3,103),(4,103),(2,104),(3,104),(4,104),(2,105),(3,105),(4,105),(2,106),(1,107),(2,107),(1,110),(2,110),(3,110),(4,110),(2,111),(3,111),(4,111),(1,112),(2,112),(3,112),(1,113),(2,113),(3,113),(1,114),(2,114),(3,114),(4,114),(1,115),(2,115),(3,115),(4,115),(1,116),(2,116),(3,116),(4,116),(1,120),(2,120),(3,121),(1,122),(2,122),(3,122),(1,123),(2,123),(3,123),(4,123),(1,130),(1,131),(1,132),(1,140),(2,140),(1,141),(2,141),(1,150),(2,150),(3,150),(1,151),(2,151),(3,151),(4,151),(1,152),(2,152),(3,152),(4,152),(1,153),(2,153),(3,153),(4,153),(1,160),(2,160),(3,160),(4,160),(1,161),(2,161),(3,161),(4,161),(1,162),(2,162),(3,162),(4,162),(1,163),(2,163),(3,163),(4,163);
/*!40000 ALTER TABLE `t_power` ENABLE KEYS */;
UNLOCK TABLES;

--
-- Table structure for table `t_recover`
--

DROP TABLE IF EXISTS `t_recover`;
/*!40101 SET @saved_cs_client     = @@character_set_client */;
/*!40101 SET character_set_client = utf8 */;
CREATE TABLE `t_recover` (
  `recoverID` int(11) unsigned NOT NULL AUTO_INCREMENT COMMENT '恢复编号',
  `backupID` int(11) unsigned DEFAULT NULL COMMENT '备份编号',
  `time` bigint(20) NOT NULL COMMENT '恢复时间',
  `content` varchar(64) DEFAULT NULL COMMENT '恢复内容',
  `description` varchar(256) DEFAULT NULL COMMENT '恢复描述',
  PRIMARY KEY (`recoverID`),
  KEY `backupID` (`backupID`),
  CONSTRAINT `fk_t_recover_t_backup_backupID` FOREIGN KEY (`backupID`) REFERENCES `t_backup` (`backupID`) ON DELETE SET NULL ON UPDATE CASCADE
) ENGINE=InnoDB AUTO_INCREMENT=3 DEFAULT CHARSET=utf8;
/*!40101 SET character_set_client = @saved_cs_client */;

--
-- Dumping data for table `t_recover`
--

LOCK TABLES `t_recover` WRITE;
/*!40000 ALTER TABLE `t_recover` DISABLE KEYS */;
INSERT INTO `t_recover` VALUES (1,1,1474210000000,'数据库,日志信息,光谱库,插件库,个人收藏夹','恢复测试'),(2,3,1475304246082,'用户算法文件夹','恢复用户算法');
/*!40000 ALTER TABLE `t_recover` ENABLE KEYS */;
UNLOCK TABLES;

--
-- Table structure for table `t_report`
--

DROP TABLE IF EXISTS `t_report`;
/*!40101 SET @saved_cs_client     = @@character_set_client */;
/*!40101 SET character_set_client = utf8 */;
CREATE TABLE `t_report` (
  `reportID` bigint(20) unsigned NOT NULL AUTO_INCREMENT COMMENT '报告编号',
  `spectrumID` varchar(18) NOT NULL COMMENT '光谱编号',
  `detectedID` varchar(6) NOT NULL COMMENT '被检测物编号',
  `contentID` int(11) unsigned NOT NULL COMMENT '检测内容编号',
  `concentration` float unsigned DEFAULT NULL COMMENT '检测内容含量',
  `saveTime` bigint(20) NOT NULL COMMENT '报告保存时间',
  PRIMARY KEY (`reportID`),
  KEY `spectrumID` (`spectrumID`),
  KEY `detectedID` (`detectedID`),
  KEY `contentID` (`contentID`),
  CONSTRAINT `fk_t_report_t_content_contentID` FOREIGN KEY (`contentID`) REFERENCES `t_content` (`contentID`) ON DELETE CASCADE ON UPDATE CASCADE,
  CONSTRAINT `fk_t_report_t_detectedobject_detectedID` FOREIGN KEY (`detectedID`) REFERENCES `t_detectedobject` (`detectedID`) ON DELETE CASCADE ON UPDATE CASCADE,
  CONSTRAINT `fk_t_report_t_spectrum_spectrumID` FOREIGN KEY (`spectrumID`) REFERENCES `t_spectrum` (`spectrumID`) ON DELETE CASCADE ON UPDATE CASCADE
) ENGINE=InnoDB AUTO_INCREMENT=2 DEFAULT CHARSET=utf8;
/*!40101 SET character_set_client = @saved_cs_client */;

--
-- Dumping data for table `t_report`
--

LOCK TABLES `t_report` WRITE;
/*!40000 ALTER TABLE `t_report` DISABLE KEYS */;
INSERT INTO `t_report` VALUES (1,'1234567890','10101',1,0.955,1474200000000);
/*!40000 ALTER TABLE `t_report` ENABLE KEYS */;
UNLOCK TABLES;

--
-- Table structure for table `t_role`
--

DROP TABLE IF EXISTS `t_role`;
/*!40101 SET @saved_cs_client     = @@character_set_client */;
/*!40101 SET character_set_client = utf8 */;
CREATE TABLE `t_role` (
  `roleID` tinyint(3) unsigned NOT NULL AUTO_INCREMENT,
  `roleName` varchar(12) NOT NULL COMMENT '角色名',
  PRIMARY KEY (`roleID`),
  UNIQUE KEY `idx_t_role_roleName` (`roleName`) USING BTREE
) ENGINE=InnoDB AUTO_INCREMENT=6 DEFAULT CHARSET=utf8;
/*!40101 SET character_set_client = @saved_cs_client */;

--
-- Dumping data for table `t_role`
--

LOCK TABLES `t_role` WRITE;
/*!40000 ALTER TABLE `t_role` DISABLE KEYS */;
INSERT INTO `t_role` VALUES (3,'实验员'),(4,'普通用户'),(2,'普通管理员'),(5,'游客'),(1,'超级管理员');
/*!40000 ALTER TABLE `t_role` ENABLE KEYS */;
UNLOCK TABLES;

--
-- Table structure for table `t_role_application`
--

DROP TABLE IF EXISTS `t_role_application`;
/*!40101 SET @saved_cs_client     = @@character_set_client */;
/*!40101 SET character_set_client = utf8 */;
CREATE TABLE `t_role_application` (
  `applicationID` int(11) NOT NULL AUTO_INCREMENT COMMENT '申请编号',
  `userID` int(11) unsigned DEFAULT NULL,
  `roleID` tinyint(3) unsigned DEFAULT NULL COMMENT '角色编号',
  `applyTime` bigint(20) NOT NULL COMMENT '申请时间',
  `state` enum('通过','等待','拒绝') NOT NULL DEFAULT '等待' COMMENT '等待',
  `applyFile` varchar(256) DEFAULT NULL COMMENT '申请文件',
  PRIMARY KEY (`applicationID`),
  KEY `userID` (`userID`),
  KEY `roleID` (`roleID`),
  CONSTRAINT `fk_t_role_application_t_role_roleID` FOREIGN KEY (`roleID`) REFERENCES `t_role` (`roleID`) ON DELETE CASCADE ON UPDATE CASCADE,
  CONSTRAINT `fk_t_role_application_t_user_userID` FOREIGN KEY (`userID`) REFERENCES `t_user` (`userID`) ON DELETE CASCADE ON UPDATE CASCADE
) ENGINE=InnoDB AUTO_INCREMENT=2 DEFAULT CHARSET=utf8;
/*!40101 SET character_set_client = @saved_cs_client */;

--
-- Dumping data for table `t_role_application`
--

LOCK TABLES `t_role_application` WRITE;
/*!40000 ALTER TABLE `t_role_application` DISABLE KEYS */;
INSERT INTO `t_role_application` VALUES (1,4,3,1474200000000,'等待','appTest.doc');
/*!40000 ALTER TABLE `t_role_application` ENABLE KEYS */;
UNLOCK TABLES;

--
-- Table structure for table `t_spectrum`
--

DROP TABLE IF EXISTS `t_spectrum`;
/*!40101 SET @saved_cs_client     = @@character_set_client */;
/*!40101 SET character_set_client = utf8 */;
CREATE TABLE `t_spectrum` (
  `spectrumID` varchar(18) NOT NULL COMMENT '光谱编号',
  `spectrumName` varchar(16) NOT NULL COMMENT '光谱名称',
  `userID` int(11) unsigned DEFAULT NULL COMMENT '用户编号',
  `originalSpectrum` varchar(16) DEFAULT NULL,
  `hardwareID` int(11) unsigned NOT NULL COMMENT '硬件编号',
  `spectrumTypeID` int(11) unsigned NOT NULL COMMENT '光谱类型编号',
  `spectrumFileTypeID` int(10) unsigned NOT NULL,
  `detectedID` varchar(6) NOT NULL COMMENT '被检测物编号',
  `resolutionRate` float DEFAULT NULL COMMENT '分辨率',
  `xUnit` enum('波数','纳米','微米') NOT NULL DEFAULT '波数' COMMENT 'X轴单位',
  `yUnit` enum('吸光度','吸光度差值','%透色谱','%反射率','光声','Log(1/R)','Kubelka-Munk') NOT NULL DEFAULT '吸光度' COMMENT 'Y轴单位',
  `spectrumFile` varchar(256) NOT NULL COMMENT '光谱文件路径',
  `saveTime` bigint(20) DEFAULT NULL COMMENT '保存时间',
  `description` varchar(256) DEFAULT NULL COMMENT '光谱描述',
  `isStandard` tinyint(255) unsigned NOT NULL DEFAULT '0' COMMENT '是否为标准库',
  PRIMARY KEY (`spectrumID`),
  KEY `userID` (`userID`),
  KEY `originalSpectrum` (`originalSpectrum`),
  KEY `hardwareID` (`hardwareID`),
  KEY `spectrumTypeID` (`spectrumTypeID`),
  KEY `detectedID` (`detectedID`),
  KEY `fk_t_spectrum_t_spectrumfiletype_spectrumFileTypeID` (`spectrumFileTypeID`),
  CONSTRAINT `fk_t_spectrum_t_detectedobject_detectedID` FOREIGN KEY (`detectedID`) REFERENCES `t_detectedobject` (`detectedID`) ON UPDATE CASCADE,
  CONSTRAINT `fk_t_spectrum_t_hardware_hardwareID` FOREIGN KEY (`hardwareID`) REFERENCES `t_hardware` (`hardwareID`) ON DELETE CASCADE ON UPDATE CASCADE,
  CONSTRAINT `fk_t_spectrum_t_spectrum_spectrumID` FOREIGN KEY (`originalSpectrum`) REFERENCES `t_spectrum` (`spectrumID`) ON DELETE SET NULL ON UPDATE CASCADE,
  CONSTRAINT `fk_t_spectrum_t_spectrumfiletype_spectrumFileTypeID` FOREIGN KEY (`spectrumFileTypeID`) REFERENCES `t_spectrumfiletype` (`spectrumFileTypeID`) ON UPDATE CASCADE,
  CONSTRAINT `fk_t_spectrum_t_spectrumtype_spectrumTypeID` FOREIGN KEY (`spectrumTypeID`) REFERENCES `t_spectrumtype` (`spectrumTypeID`) ON UPDATE CASCADE,
  CONSTRAINT `fk_t_spectrum_t_user_userID` FOREIGN KEY (`userID`) REFERENCES `t_user` (`userID`) ON DELETE SET NULL ON UPDATE CASCADE
) ENGINE=InnoDB DEFAULT CHARSET=utf8;
/*!40101 SET character_set_client = @saved_cs_client */;

--
-- Dumping data for table `t_spectrum`
--

LOCK TABLES `t_spectrum` WRITE;
/*!40000 ALTER TABLE `t_spectrum` DISABLE KEYS */;
INSERT INTO `t_spectrum` VALUES ('1234567890','testSpectrum',4,NULL,1,1,2,'10101',NULL,'波数','吸光度','user@qq.com/testfavorite/testSpectrum.json',1474200000000,'testSpectrum',0),('1234567891','testSpectrum2',4,'1234567890',1,1,2,'10101',NULL,'波数','吸光度','user@qq.com/testfavorite/testSpectrum.json',1474300000000,'testSpectrum2',0),('1234567892','茶叶-苯醚甲环唑1-2',3,NULL,1,1,2,'100102',NULL,'波数','吸光度','lab@qq.com/mytest/茶叶-苯醚甲环唑1-2.json',1485300000000,'茶叶-苯醚甲环唑',0),('1234567893','大米样本6',3,NULL,7,2,2,'100103',NULL,'波数','吸光度','lab@qq.com/mytest/大米样本6.json',1485300000000,'大米样本',0);
/*!40000 ALTER TABLE `t_spectrum` ENABLE KEYS */;
UNLOCK TABLES;

--
-- Table structure for table `t_spectrumcontent`
--

DROP TABLE IF EXISTS `t_spectrumcontent`;
/*!40101 SET @saved_cs_client     = @@character_set_client */;
/*!40101 SET character_set_client = utf8 */;
CREATE TABLE `t_spectrumcontent` (
  `spectrumID` varchar(18) NOT NULL COMMENT '光谱编号',
  `contentID` int(11) unsigned NOT NULL DEFAULT '0' COMMENT '检测内容编号',
  PRIMARY KEY (`spectrumID`,`contentID`),
  KEY `contentID` (`contentID`),
  CONSTRAINT `fk_t_spectrumcontent_t_content_contentID` FOREIGN KEY (`contentID`) REFERENCES `t_content` (`contentID`) ON DELETE CASCADE ON UPDATE CASCADE,
  CONSTRAINT `fk_t_spectrumcontent_t_spectrum_spectrumID` FOREIGN KEY (`spectrumID`) REFERENCES `t_spectrum` (`spectrumID`) ON DELETE CASCADE ON UPDATE CASCADE
) ENGINE=InnoDB DEFAULT CHARSET=utf8;
/*!40101 SET character_set_client = @saved_cs_client */;

--
-- Dumping data for table `t_spectrumcontent`
--

LOCK TABLES `t_spectrumcontent` WRITE;
/*!40000 ALTER TABLE `t_spectrumcontent` DISABLE KEYS */;
INSERT INTO `t_spectrumcontent` VALUES ('1234567890',1),('1234567890',2);
/*!40000 ALTER TABLE `t_spectrumcontent` ENABLE KEYS */;
UNLOCK TABLES;

--
-- Table structure for table `t_spectrumfiletype`
--

DROP TABLE IF EXISTS `t_spectrumfiletype`;
/*!40101 SET @saved_cs_client     = @@character_set_client */;
/*!40101 SET character_set_client = utf8 */;
CREATE TABLE `t_spectrumfiletype` (
  `spectrumFileTypeID` int(11) unsigned NOT NULL AUTO_INCREMENT COMMENT '光谱文件格式编号',
  `spectrumFileType` varchar(8) NOT NULL COMMENT '光谱类型名称',
  PRIMARY KEY (`spectrumFileTypeID`)
) ENGINE=InnoDB AUTO_INCREMENT=5 DEFAULT CHARSET=utf8;
/*!40101 SET character_set_client = @saved_cs_client */;

--
-- Dumping data for table `t_spectrumfiletype`
--

LOCK TABLES `t_spectrumfiletype` WRITE;
/*!40000 ALTER TABLE `t_spectrumfiletype` DISABLE KEYS */;
INSERT INTO `t_spectrumfiletype` VALUES (1,'txt'),(2,'json'),(3,'xml'),(4,'spa');
/*!40000 ALTER TABLE `t_spectrumfiletype` ENABLE KEYS */;
UNLOCK TABLES;

--
-- Table structure for table `t_spectrumpeak`
--

DROP TABLE IF EXISTS `t_spectrumpeak`;
/*!40101 SET @saved_cs_client     = @@character_set_client */;
/*!40101 SET character_set_client = utf8 */;
CREATE TABLE `t_spectrumpeak` (
  `peakID` bigint(20) unsigned NOT NULL AUTO_INCREMENT COMMENT '峰值编号',
  `spectrumID` varchar(18) NOT NULL COMMENT '光谱编号',
  `peaks` text NOT NULL COMMENT '如 [{"x":100,"y":1000.1},{"x":101,"y":1001]',
  PRIMARY KEY (`peakID`,`spectrumID`),
  KEY `spectrumID` (`spectrumID`),
  CONSTRAINT `fk_t_spectrumpeak_t_spectrum_spectrumID` FOREIGN KEY (`spectrumID`) REFERENCES `t_spectrum` (`spectrumID`) ON DELETE CASCADE ON UPDATE CASCADE
) ENGINE=InnoDB AUTO_INCREMENT=2 DEFAULT CHARSET=utf8;
/*!40101 SET character_set_client = @saved_cs_client */;

--
-- Dumping data for table `t_spectrumpeak`
--

LOCK TABLES `t_spectrumpeak` WRITE;
/*!40000 ALTER TABLE `t_spectrumpeak` DISABLE KEYS */;
INSERT INTO `t_spectrumpeak` VALUES (1,'1234567890','[{\"x\":1473.88,\"y\":23577.7},{\"x\":1472.84,\"y\":20338.9},{\"x\":1471.8,\"y\":17431.2},{\"x\":1470.76,\"y\":14507.4},{\"x\":1469.73,\"y\":11695.3},{\"x\":1468.69,\"y\":10240.0},{\"x\":1467.65,\"y\":9269.16},{\"x\":1466.61,\"y\":8671.79},{\"x\":1465.57,\"y\":7891.64},{\"x\":1464.53,\"y\":7735.15},{\"x\":1462.46,\"y\":7424.72},{\"x\":1461.42,\"y\":7508.97},{\"x\":1460.38,\"y\":7152.98},{\"x\":1459.34,\"y\":6821.15},{\"x\":1458.3,\"y\":6092.61},{\"x\":1457.26,\"y\":5715.35},{\"x\":1456.22,\"y\":5405.53},{\"x\":1455.18,\"y\":4937.15},{\"x\":1454.14,\"y\":4574.66},{\"x\":1453.1,\"y\":4616.02},{\"x\":1452.06,\"y\":4491.58},{\"x\":1449.98,\"y\":3887.31},{\"x\":1448.94,\"y\":3938.38},{\"x\":1447.9,\"y\":3573.99},{\"x\":1446.85,\"y\":3812.38},{\"x\":1444.77,\"y\":3624.07},{\"x\":1443.73,\"y\":3432.76},{\"x\":1441.65,\"y\":3506.21},{\"x\":1440.6,\"y\":3336.61},{\"x\":1439.56,\"y\":3272.6},{\"x\":1437.48,\"y\":3228.59},{\"x\":1436.43,\"y\":3255.76},{\"x\":1435.39,\"y\":3429.15},{\"x\":1434.35,\"y\":3348.43},{\"x\":1432.26,\"y\":3632.77},{\"x\":1431.22,\"y\":3588.0},{\"x\":1429.13,\"y\":3371.6},{\"x\":1428.09,\"y\":3453.83},{\"x\":1427.04,\"y\":3574.36},{\"x\":1423.91,\"y\":3327.85},{\"x\":1422.86,\"y\":3467.49},{\"x\":1421.82,\"y\":3128.57},{\"x\":1420.78,\"y\":3244.29},{\"x\":1419.73,\"y\":2852.88},{\"x\":1418.68,\"y\":2746.19},{\"x\":1417.64,\"y\":2663.46},{\"x\":1416.59,\"y\":2941.78},{\"x\":1415.55,\"y\":2486.12},{\"x\":1414.5,\"y\":2795.48},{\"x\":1413.46,\"y\":2339.99},{\"x\":1411.36,\"y\":2420.93},{\"x\":1410.32,\"y\":2553.36},{\"x\":1409.27,\"y\":2494.68},{\"x\":1407.18,\"y\":2386.94},{\"x\":1406.13,\"y\":2402.34},{\"x\":1405.08,\"y\":2553.8},{\"x\":1404.03,\"y\":2476.1},{\"x\":1402.99,\"y\":2341.15},{\"x\":1400.89,\"y\":2188.29},{\"x\":1399.84,\"y\":2299.15},{\"x\":1398.79,\"y\":2495.84},{\"x\":1397.75,\"y\":2339.56},{\"x\":1395.65,\"y\":2420.49},{\"x\":1394.6,\"y\":2505.05},{\"x\":1393.55,\"y\":2108.16},{\"x\":1392.5,\"y\":2302.36},{\"x\":1390.4,\"y\":2083.15},{\"x\":1388.3,\"y\":2142.72},{\"x\":1386.2,\"y\":2454.65},{\"x\":1385.15,\"y\":2174.93},{\"x\":1384.1,\"y\":2252.31},{\"x\":1382.0,\"y\":2283.29},{\"x\":1380.95,\"y\":2343.99},{\"x\":1379.9,\"y\":2533.13},{\"x\":1378.85,\"y\":2662.76},{\"x\":1376.75,\"y\":2589.04},{\"x\":1375.7,\"y\":2913.56},{\"x\":1374.64,\"y\":3359.22},{\"x\":1373.59,\"y\":3681.17},{\"x\":1372.54,\"y\":4335.71},{\"x\":1371.49,\"y\":4838.0},{\"x\":1370.43,\"y\":5967.32},{\"x\":1369.38,\"y\":6801.77},{\"x\":1368.33,\"y\":7856.86},{\"x\":1367.28,\"y\":8645.69},{\"x\":1366.22,\"y\":8135.6},{\"x\":1365.17,\"y\":7431.01},{\"x\":1364.12,\"y\":6054.92},{\"x\":1363.06,\"y\":5723.44},{\"x\":1362.01,\"y\":4974.44},{\"x\":1360.96,\"y\":4780.83},{\"x\":1359.9,\"y\":4497.14},{\"x\":1358.85,\"y\":4673.66},{\"x\":1356.74,\"y\":4832.14},{\"x\":1355.69,\"y\":4719.33},{\"x\":1353.58,\"y\":4986.78},{\"x\":1352.52,\"y\":4800.55},{\"x\":1351.47,\"y\":4886.85},{\"x\":1350.41,\"y\":5101.06},{\"x\":1349.36,\"y\":4763.32},{\"x\":1348.3,\"y\":3869.12},{\"x\":1347.24,\"y\":3671.38},{\"x\":1346.19,\"y\":3173.01},{\"x\":1345.13,\"y\":2963.6},{\"x\":1344.08,\"y\":2567.27},{\"x\":1343.02,\"y\":2405.35},{\"x\":1340.91,\"y\":2490.98},{\"x\":1339.85,\"y\":2780.98},{\"x\":1338.79,\"y\":2377.9},{\"x\":1336.68,\"y\":2529.73},{\"x\":1335.62,\"y\":2479.14},{\"x\":1334.56,\"y\":2629.5},{\"x\":1333.5,\"y\":2614.37},{\"x\":1332.45,\"y\":2946.63},{\"x\":1331.39,\"y\":2836.97},{\"x\":1330.33,\"y\":2973.03},{\"x\":1329.27,\"y\":2887.02},{\"x\":1328.21,\"y\":2895.52},{\"x\":1327.15,\"y\":3213.35},{\"x\":1326.1,\"y\":2822.79},{\"x\":1325.04,\"y\":2963.51},{\"x\":1322.92,\"y\":3126.83},{\"x\":1321.86,\"y\":2965.42},{\"x\":1320.8,\"y\":2782.83},{\"x\":1318.68,\"y\":2781.05},{\"x\":1317.62,\"y\":2674.05},{\"x\":1316.56,\"y\":3003.3},{\"x\":1314.44,\"y\":2584.28},{\"x\":1313.38,\"y\":2776.72},{\"x\":1312.32,\"y\":2848.92},{\"x\":1311.26,\"y\":2848.07},{\"x\":1310.19,\"y\":2785.97},{\"x\":1309.13,\"y\":2768.65},{\"x\":1307.01,\"y\":2717.55},{\"x\":1305.95,\"y\":2672.01},{\"x\":1304.89,\"y\":2803.05},{\"x\":1303.82,\"y\":2512.73},{\"x\":1302.76,\"y\":2690.83},{\"x\":1300.64,\"y\":2609.29},{\"x\":1299.57,\"y\":2563.84},{\"x\":1298.51,\"y\":2845.35},{\"x\":1297.45,\"y\":2703.47},{\"x\":1295.32,\"y\":2932.37},{\"x\":1294.26,\"y\":3037.38},{\"x\":1293.19,\"y\":3241.08},{\"x\":1292.13,\"y\":3174.48},{\"x\":1291.07,\"y\":3251.22},{\"x\":1290.0,\"y\":3692.1},{\"x\":1288.94,\"y\":4038.89},{\"x\":1287.87,\"y\":3993.37},{\"x\":1286.81,\"y\":4412.82},{\"x\":1285.74,\"y\":4637.28},{\"x\":1284.68,\"y\":4976.7},{\"x\":1283.61,\"y\":5665.77},{\"x\":1282.55,\"y\":5960.37},{\"x\":1281.48,\"y\":6796.94},{\"x\":1280.42,\"y\":7722.42},{\"x\":1279.35,\"y\":9013.59},{\"x\":1278.29,\"y\":10689.0},{\"x\":1277.22,\"y\":12256.1},{\"x\":1276.15,\"y\":15093.7},{\"x\":1275.09,\"y\":18052.3},{\"x\":1274.02,\"y\":22086.0},{\"x\":1272.95,\"y\":26212.3},{\"x\":1271.89,\"y\":28992.2},{\"x\":1270.82,\"y\":29533.7},{\"x\":1269.75,\"y\":27188.7},{\"x\":1268.69,\"y\":22834.7},{\"x\":1267.62,\"y\":19737.3},{\"x\":1265.48,\"y\":17509.1},{\"x\":1264.42,\"y\":19105.3},{\"x\":1263.35,\"y\":20928.1},{\"x\":1262.28,\"y\":22017.8},{\"x\":1261.21,\"y\":21501.9},{\"x\":1260.14,\"y\":19664.3},{\"x\":1259.07,\"y\":15378.0},{\"x\":1258.01,\"y\":12290.5},{\"x\":1256.94,\"y\":9330.24},{\"x\":1255.87,\"y\":7352.9},{\"x\":1254.8,\"y\":6091.55},{\"x\":1253.73,\"y\":5587.96},{\"x\":1252.66,\"y\":4754.97},{\"x\":1251.59,\"y\":4214.34},{\"x\":1250.52,\"y\":3926.23},{\"x\":1249.45,\"y\":3820.43},{\"x\":1248.38,\"y\":3469.4},{\"x\":1247.31,\"y\":3020.39},{\"x\":1246.24,\"y\":3188.0},{\"x\":1244.1,\"y\":2904.46},{\"x\":1243.02,\"y\":2824.62},{\"x\":1240.88,\"y\":2914.7},{\"x\":1237.67,\"y\":3076.59},{\"x\":1236.6,\"y\":2919.86},{\"x\":1234.45,\"y\":2972.6},{\"x\":1233.38,\"y\":3594.56},{\"x\":1232.31,\"y\":4085.82},{\"x\":1231.23,\"y\":4458.09},{\"x\":1230.16,\"y\":5398.78},{\"x\":1229.09,\"y\":6392.79},{\"x\":1228.01,\"y\":7267.72},{\"x\":1226.94,\"y\":7527.53},{\"x\":1225.87,\"y\":7607.96},{\"x\":1224.79,\"y\":6936.33},{\"x\":1223.72,\"y\":6069.35},{\"x\":1222.64,\"y\":4953.58},{\"x\":1221.57,\"y\":4175.59},{\"x\":1220.5,\"y\":3563.06},{\"x\":1219.42,\"y\":3311.33},{\"x\":1216.2,\"y\":3219.44},{\"x\":1215.12,\"y\":3081.87},{\"x\":1212.97,\"y\":2665.08},{\"x\":1211.9,\"y\":2606.7},{\"x\":1210.82,\"y\":2820.24},{\"x\":1208.67,\"y\":2715.13},{\"x\":1207.59,\"y\":2619.63},{\"x\":1206.52,\"y\":2754.1},{\"x\":1204.36,\"y\":2774.5},{\"x\":1203.28,\"y\":2867.11},{\"x\":1201.13,\"y\":2829.48},{\"x\":1200.05,\"y\":2935.99},{\"x\":1198.98,\"y\":3179.36},{\"x\":1197.9,\"y\":3230.12},{\"x\":1196.82,\"y\":3357.41}]');
/*!40000 ALTER TABLE `t_spectrumpeak` ENABLE KEYS */;
UNLOCK TABLES;

--
-- Table structure for table `t_spectrumtype`
--

DROP TABLE IF EXISTS `t_spectrumtype`;
/*!40101 SET @saved_cs_client     = @@character_set_client */;
/*!40101 SET character_set_client = utf8 */;
CREATE TABLE `t_spectrumtype` (
  `spectrumTypeID` int(11) unsigned NOT NULL AUTO_INCREMENT COMMENT '光谱类型编号',
  `spectrumType` varchar(16) NOT NULL COMMENT '光谱类型名称',
  PRIMARY KEY (`spectrumTypeID`)
) ENGINE=InnoDB AUTO_INCREMENT=11 DEFAULT CHARSET=utf8;
/*!40101 SET character_set_client = @saved_cs_client */;

--
-- Dumping data for table `t_spectrumtype`
--

LOCK TABLES `t_spectrumtype` WRITE;
/*!40000 ALTER TABLE `t_spectrumtype` DISABLE KEYS */;
INSERT INTO `t_spectrumtype` VALUES (1,'红外光谱'),(2,'激光拉曼光谱'),(3,'原子荧光光谱'),(4,'原子吸光光谱'),(5,'分子荧光光谱'),(6,'ICP-AES'),(7,'光电直读关光谱'),(8,'光栅光谱'),(9,'圆二色光谱'),(10,'辉光放电光谱');
/*!40000 ALTER TABLE `t_spectrumtype` ENABLE KEYS */;
UNLOCK TABLES;

--
-- Table structure for table `t_submitstandard`
--

DROP TABLE IF EXISTS `t_submitstandard`;
/*!40101 SET @saved_cs_client     = @@character_set_client */;
/*!40101 SET character_set_client = utf8 */;
CREATE TABLE `t_submitstandard` (
  `submitID` int(11) unsigned NOT NULL AUTO_INCREMENT,
  `spectrumID` varchar(18) NOT NULL,
  `submitTime` bigint(20) NOT NULL COMMENT '提交时间',
  `state` enum('通过','等待','拒绝') NOT NULL DEFAULT '等待' COMMENT '提交状态',
  PRIMARY KEY (`submitID`),
  KEY `t_submitstandard_t_spectrum_spectrumID` (`spectrumID`),
  CONSTRAINT `t_submitstandard_t_spectrum_spectrumID` FOREIGN KEY (`spectrumID`) REFERENCES `t_spectrum` (`spectrumID`) ON DELETE CASCADE ON UPDATE CASCADE
) ENGINE=InnoDB AUTO_INCREMENT=2 DEFAULT CHARSET=utf8;
/*!40101 SET character_set_client = @saved_cs_client */;

--
-- Dumping data for table `t_submitstandard`
--

LOCK TABLES `t_submitstandard` WRITE;
/*!40000 ALTER TABLE `t_submitstandard` DISABLE KEYS */;
INSERT INTO `t_submitstandard` VALUES (1,'1234567890',1474200000000,'等待');
/*!40000 ALTER TABLE `t_submitstandard` ENABLE KEYS */;
UNLOCK TABLES;

--
-- Table structure for table `t_thaw_application`
--

DROP TABLE IF EXISTS `t_thaw_application`;
/*!40101 SET @saved_cs_client     = @@character_set_client */;
/*!40101 SET character_set_client = utf8 */;
CREATE TABLE `t_thaw_application` (
  `applicationID` int(11) unsigned NOT NULL AUTO_INCREMENT,
  `userID` int(11) unsigned NOT NULL,
  `reason` text NOT NULL COMMENT '申请理由',
  `applyTime` bigint(20) NOT NULL COMMENT '申请时间',
  `state` enum('通过','等待','拒绝') NOT NULL DEFAULT '等待' COMMENT '申请状态',
  PRIMARY KEY (`applicationID`),
  KEY `fk_thaw_application_user_userID` (`userID`),
  CONSTRAINT `fk_t_thaw_application_t_user_userID` FOREIGN KEY (`userID`) REFERENCES `t_user` (`userID`) ON DELETE CASCADE ON UPDATE CASCADE
) ENGINE=InnoDB AUTO_INCREMENT=5 DEFAULT CHARSET=utf8;
/*!40101 SET character_set_client = @saved_cs_client */;

--
-- Dumping data for table `t_thaw_application`
--

LOCK TABLES `t_thaw_application` WRITE;
/*!40000 ALTER TABLE `t_thaw_application` DISABLE KEYS */;
INSERT INTO `t_thaw_application` VALUES (1,4,'解冻测试',1475414636554,'等待'),(2,4,'解冻测试2',1475414636511,'通过'),(3,5,'ThawUser解冻测试',1475414636554,'拒绝'),(4,5,'ThawUser解冻测试2',1475414636599,'等待');
/*!40000 ALTER TABLE `t_thaw_application` ENABLE KEYS */;
UNLOCK TABLES;

--
-- Table structure for table `t_user`
--

DROP TABLE IF EXISTS `t_user`;
/*!40101 SET @saved_cs_client     = @@character_set_client */;
/*!40101 SET character_set_client = utf8 */;
CREATE TABLE `t_user` (
  `userID` int(11) unsigned NOT NULL AUTO_INCREMENT COMMENT '用户编号',
  `username` varchar(12) NOT NULL COMMENT '用户名',
  `roleID` tinyint(3) unsigned DEFAULT NULL,
  `email` varchar(24) NOT NULL COMMENT '邮箱',
  `password` varchar(32) NOT NULL COMMENT '用户密码',
  `realName` varchar(16) DEFAULT NULL COMMENT '真实姓名',
  `IDNumber` varchar(18) DEFAULT NULL COMMENT '身份证号',
  `tel` varchar(11) DEFAULT NULL COMMENT '手机号',
  `gender` enum('保密','男','女') NOT NULL DEFAULT '保密' COMMENT '性别',
  `birthday` bigint(20) DEFAULT NULL COMMENT '出生日期',
  `address` varchar(128) DEFAULT NULL COMMENT '个人地址',
  `institute` varchar(64) DEFAULT NULL COMMENT '工作单位',
  `position` varchar(32) DEFAULT NULL COMMENT '职位',
  `photo` varchar(256) DEFAULT NULL COMMENT '个人照片路径',
  `detail` varchar(256) DEFAULT NULL COMMENT '个人描述',
  `state` enum('正常','冻结') NOT NULL DEFAULT '正常',
  `thawTime` bigint(20) DEFAULT NULL COMMENT '解冻时间',
  PRIMARY KEY (`userID`),
  UNIQUE KEY `idx_t_useruserName` (`username`) USING BTREE,
  UNIQUE KEY `idx_t_user_email` (`email`) USING BTREE,
  KEY `fk_t_user_t_role_roleID` (`roleID`) USING BTREE,
  CONSTRAINT `fk_t_user_t_role_roleID` FOREIGN KEY (`roleID`) REFERENCES `t_role` (`roleID`) ON DELETE SET NULL ON UPDATE CASCADE
) ENGINE=InnoDB AUTO_INCREMENT=6 DEFAULT CHARSET=utf8;
/*!40101 SET character_set_client = @saved_cs_client */;

--
-- Dumping data for table `t_user`
--

LOCK TABLES `t_user` WRITE;
/*!40000 ALTER TABLE `t_user` DISABLE KEYS */;
INSERT INTO `t_user` VALUES (1,'superadmin',1,'superadmin@qq.com','superadmin','超级管理员',NULL,NULL,'保密',1474000000000,'江西省南昌市江西农业大学',NULL,NULL,NULL,NULL,'正常',NULL),(2,'admin',2,'admin@qq.com','admin','管理员',NULL,NULL,'保密',1475000000000,'江西省南昌市江西农业大学',NULL,NULL,NULL,NULL,'正常',NULL),(3,'lab',3,'lab@qq.com','lab','实验员','360733199501020000','12345678900','女',1476000000000,'江西省南昌市江西农业大学','实验员','实验员',NULL,NULL,'正常',NULL),(4,'user',4,'user@qq.com','user','普通用户','360733199501020001','11122233344','男',1477000000000,'江西省南昌市江西农业大学','用户','用户',NULL,'测试用户','正常',NULL),(5,'ThawUser',4,'ThawUser@qq.com','ThawUser','ThawUser',NULL,NULL,'保密',NULL,NULL,NULL,NULL,NULL,NULL,'冻结',1478000000000);
/*!40000 ALTER TABLE `t_user` ENABLE KEYS */;
UNLOCK TABLES;

--
-- Temporary view structure for view `v_content`
--

DROP TABLE IF EXISTS `v_content`;
/*!50001 DROP VIEW IF EXISTS `v_content`*/;
SET @saved_cs_client     = @@character_set_client;
SET character_set_client = utf8;
/*!50001 CREATE VIEW `v_content` AS SELECT 
 1 AS `contentID`,
 1 AS `categoryID`,
 1 AS `chineseName`,
 1 AS `englishName`,
 1 AS `chemicalName`,
 1 AS `categoryName`*/;
SET character_set_client = @saved_cs_client;

--
-- Temporary view structure for view `v_detectedobject`
--

DROP TABLE IF EXISTS `v_detectedobject`;
/*!50001 DROP VIEW IF EXISTS `v_detectedobject`*/;
SET @saved_cs_client     = @@character_set_client;
SET character_set_client = utf8;
/*!50001 CREATE VIEW `v_detectedobject` AS SELECT 
 1 AS `detectedID`,
 1 AS `categoryID`,
 1 AS `chineseName`,
 1 AS `englishName`,
 1 AS `categoryName`,
 1 AS `parentID`*/;
SET character_set_client = @saved_cs_client;

--
-- Temporary view structure for view `v_favorite`
--

DROP TABLE IF EXISTS `v_favorite`;
/*!50001 DROP VIEW IF EXISTS `v_favorite`*/;
SET @saved_cs_client     = @@character_set_client;
SET character_set_client = utf8;
/*!50001 CREATE VIEW `v_favorite` AS SELECT 
 1 AS `favoriteID`,
 1 AS `favoriteName`,
 1 AS `path`,
 1 AS `userID`,
 1 AS `username`,
 1 AS `roleID`,
 1 AS `email`,
 1 AS `password`,
 1 AS `realName`,
 1 AS `IDNumber`,
 1 AS `tel`,
 1 AS `gender`,
 1 AS `birthday`,
 1 AS `address`,
 1 AS `institute`,
 1 AS `position`,
 1 AS `photo`,
 1 AS `detail`,
 1 AS `state`,
 1 AS `thawTime`*/;
SET character_set_client = @saved_cs_client;

--
-- Temporary view structure for view `v_favoritespectrum`
--

DROP TABLE IF EXISTS `v_favoritespectrum`;
/*!50001 DROP VIEW IF EXISTS `v_favoritespectrum`*/;
SET @saved_cs_client     = @@character_set_client;
SET character_set_client = utf8;
/*!50001 CREATE VIEW `v_favoritespectrum` AS SELECT 
 1 AS `spectrumID`,
 1 AS `spectrumName`,
 1 AS `userID`,
 1 AS `originalSpectrum`,
 1 AS `hardwareID`,
 1 AS `spectrumTypeID`,
 1 AS `spectrumFileTypeID`,
 1 AS `detectedID`,
 1 AS `resolutionRate`,
 1 AS `xUnit`,
 1 AS `yUnit`,
 1 AS `spectrumFile`,
 1 AS `saveTime`,
 1 AS `description`,
 1 AS `isStandard`,
 1 AS `hardwareName`,
 1 AS `addTime`,
 1 AS `spectrumType`,
 1 AS `spectrumFileType`,
 1 AS `categoryID`,
 1 AS `categoryName`,
 1 AS `chineseName`,
 1 AS `englishName`,
 1 AS `favoriteID`,
 1 AS `favoriteName`,
 1 AS `path`*/;
SET character_set_client = @saved_cs_client;

--
-- Temporary view structure for view `v_hardware`
--

DROP TABLE IF EXISTS `v_hardware`;
/*!50001 DROP VIEW IF EXISTS `v_hardware`*/;
SET @saved_cs_client     = @@character_set_client;
SET character_set_client = utf8;
/*!50001 CREATE VIEW `v_hardware` AS SELECT 
 1 AS `hardwareID`,
 1 AS `hardwareName`,
 1 AS `addTime`,
 1 AS `spectrumTypeID`,
 1 AS `spectrumType`,
 1 AS `spectrumFileTypeID`,
 1 AS `spectrumFileType`*/;
SET character_set_client = @saved_cs_client;

--
-- Temporary view structure for view `v_hardwarespectrumfiletype`
--

DROP TABLE IF EXISTS `v_hardwarespectrumfiletype`;
/*!50001 DROP VIEW IF EXISTS `v_hardwarespectrumfiletype`*/;
SET @saved_cs_client     = @@character_set_client;
SET character_set_client = utf8;
/*!50001 CREATE VIEW `v_hardwarespectrumfiletype` AS SELECT 
 1 AS `hardwareID`,
 1 AS `spectrumFileTypeID`,
 1 AS `spectrumFileType`*/;
SET character_set_client = @saved_cs_client;

--
-- Temporary view structure for view `v_hardwarespectrumtype`
--

DROP TABLE IF EXISTS `v_hardwarespectrumtype`;
/*!50001 DROP VIEW IF EXISTS `v_hardwarespectrumtype`*/;
SET @saved_cs_client     = @@character_set_client;
SET character_set_client = utf8;
/*!50001 CREATE VIEW `v_hardwarespectrumtype` AS SELECT 
 1 AS `hardwareID`,
 1 AS `spectrumTypeID`,
 1 AS `spectrumType`*/;
SET character_set_client = @saved_cs_client;

--
-- Temporary view structure for view `v_log`
--

DROP TABLE IF EXISTS `v_log`;
/*!50001 DROP VIEW IF EXISTS `v_log`*/;
SET @saved_cs_client     = @@character_set_client;
SET character_set_client = utf8;
/*!50001 CREATE VIEW `v_log` AS SELECT 
 1 AS `logID`,
 1 AS `level`,
 1 AS `type`,
 1 AS `time`,
 1 AS `ip`,
 1 AS `functionID`,
 1 AS `content`,
 1 AS `functionName`,
 1 AS `functionURL`,
 1 AS `userID`,
 1 AS `username`,
 1 AS `roleID`,
 1 AS `email`,
 1 AS `password`,
 1 AS `realName`,
 1 AS `IDNumber`,
 1 AS `tel`,
 1 AS `gender`,
 1 AS `birthday`,
 1 AS `address`,
 1 AS `institute`,
 1 AS `position`,
 1 AS `photo`,
 1 AS `detail`,
 1 AS `state`,
 1 AS `thawTime`,
 1 AS `roleName`*/;
SET character_set_client = @saved_cs_client;

--
-- Temporary view structure for view `v_plugin`
--

DROP TABLE IF EXISTS `v_plugin`;
/*!50001 DROP VIEW IF EXISTS `v_plugin`*/;
SET @saved_cs_client     = @@character_set_client;
SET character_set_client = utf8;
/*!50001 CREATE VIEW `v_plugin` AS SELECT 
 1 AS `pluginID`,
 1 AS `userID`,
 1 AS `pluginType`,
 1 AS `pluginName`,
 1 AS `description`,
 1 AS `version`,
 1 AS `codePath`,
 1 AS `jarPath`,
 1 AS `addTime`,
 1 AS `state`,
 1 AS `contentID`,
 1 AS `detectedID`,
 1 AS `hardwareID`,
 1 AS `spectrumTypeID`*/;
SET character_set_client = @saved_cs_client;

--
-- Temporary view structure for view `v_power`
--

DROP TABLE IF EXISTS `v_power`;
/*!50001 DROP VIEW IF EXISTS `v_power`*/;
SET @saved_cs_client     = @@character_set_client;
SET character_set_client = utf8;
/*!50001 CREATE VIEW `v_power` AS SELECT 
 1 AS `roleID`,
 1 AS `roleName`,
 1 AS `functionID`,
 1 AS `functionName`,
 1 AS `functionURL`*/;
SET character_set_client = @saved_cs_client;

--
-- Temporary view structure for view `v_report`
--

DROP TABLE IF EXISTS `v_report`;
/*!50001 DROP VIEW IF EXISTS `v_report`*/;
SET @saved_cs_client     = @@character_set_client;
SET character_set_client = utf8;
/*!50001 CREATE VIEW `v_report` AS SELECT 
 1 AS `reportID`,
 1 AS `concentration`,
 1 AS `reportSaveTime`,
 1 AS `spectrumID`,
 1 AS `spectrumName`,
 1 AS `userID`,
 1 AS `originalSpectrum`,
 1 AS `hardwareID`,
 1 AS `spectrumTypeID`,
 1 AS `spectrumFileTypeID`,
 1 AS `detectedID`,
 1 AS `resolutionRate`,
 1 AS `xUnit`,
 1 AS `yUnit`,
 1 AS `spectrumFile`,
 1 AS `saveTime`,
 1 AS `description`,
 1 AS `isStandard`,
 1 AS `hardwareName`,
 1 AS `addTime`,
 1 AS `spectrumType`,
 1 AS `spectrumFileType`,
 1 AS `categoryID`,
 1 AS `categoryName`,
 1 AS `chineseName`,
 1 AS `englishName`,
 1 AS `contentID`,
 1 AS `contentChineseName`,
 1 AS `contentEnglishName`*/;
SET character_set_client = @saved_cs_client;

--
-- Temporary view structure for view `v_role_application`
--

DROP TABLE IF EXISTS `v_role_application`;
/*!50001 DROP VIEW IF EXISTS `v_role_application`*/;
SET @saved_cs_client     = @@character_set_client;
SET character_set_client = utf8;
/*!50001 CREATE VIEW `v_role_application` AS SELECT 
 1 AS `applicationID`,
 1 AS `applyTime`,
 1 AS `app_roleID`,
 1 AS `app_state`,
 1 AS `applyFile`,
 1 AS `app_roleName`,
 1 AS `userID`,
 1 AS `username`,
 1 AS `roleID`,
 1 AS `email`,
 1 AS `password`,
 1 AS `realName`,
 1 AS `IDNumber`,
 1 AS `tel`,
 1 AS `gender`,
 1 AS `birthday`,
 1 AS `address`,
 1 AS `institute`,
 1 AS `position`,
 1 AS `photo`,
 1 AS `detail`,
 1 AS `state`,
 1 AS `thawTime`,
 1 AS `roleName`*/;
SET character_set_client = @saved_cs_client;

--
-- Temporary view structure for view `v_spectrum`
--

DROP TABLE IF EXISTS `v_spectrum`;
/*!50001 DROP VIEW IF EXISTS `v_spectrum`*/;
SET @saved_cs_client     = @@character_set_client;
SET character_set_client = utf8;
/*!50001 CREATE VIEW `v_spectrum` AS SELECT 
 1 AS `spectrumID`,
 1 AS `spectrumName`,
 1 AS `userID`,
 1 AS `originalSpectrum`,
 1 AS `hardwareID`,
 1 AS `spectrumTypeID`,
 1 AS `spectrumFileTypeID`,
 1 AS `detectedID`,
 1 AS `resolutionRate`,
 1 AS `xUnit`,
 1 AS `yUnit`,
 1 AS `spectrumFile`,
 1 AS `saveTime`,
 1 AS `description`,
 1 AS `isStandard`,
 1 AS `hardwareName`,
 1 AS `addTime`,
 1 AS `spectrumType`,
 1 AS `spectrumFileType`,
 1 AS `categoryID`,
 1 AS `categoryName`,
 1 AS `chineseName`,
 1 AS `englishName`*/;
SET character_set_client = @saved_cs_client;

--
-- Temporary view structure for view `v_spectrumcontent`
--

DROP TABLE IF EXISTS `v_spectrumcontent`;
/*!50001 DROP VIEW IF EXISTS `v_spectrumcontent`*/;
SET @saved_cs_client     = @@character_set_client;
SET character_set_client = utf8;
/*!50001 CREATE VIEW `v_spectrumcontent` AS SELECT 
 1 AS `spectrumID`,
 1 AS `spectrumName`,
 1 AS `userID`,
 1 AS `originalSpectrum`,
 1 AS `hardwareID`,
 1 AS `spectrumTypeID`,
 1 AS `spectrumFileTypeID`,
 1 AS `detectedID`,
 1 AS `resolutionRate`,
 1 AS `xUnit`,
 1 AS `yUnit`,
 1 AS `spectrumFile`,
 1 AS `saveTime`,
 1 AS `description`,
 1 AS `isStandard`,
 1 AS `contentID`,
 1 AS `categoryID`,
 1 AS `chineseName`,
 1 AS `englishName`,
 1 AS `chemicalName`,
 1 AS `categoryName`*/;
SET character_set_client = @saved_cs_client;

--
-- Temporary view structure for view `v_spectrumpeak`
--

DROP TABLE IF EXISTS `v_spectrumpeak`;
/*!50001 DROP VIEW IF EXISTS `v_spectrumpeak`*/;
SET @saved_cs_client     = @@character_set_client;
SET character_set_client = utf8;
/*!50001 CREATE VIEW `v_spectrumpeak` AS SELECT 
 1 AS `spectrumID`,
 1 AS `spectrumName`,
 1 AS `userID`,
 1 AS `originalSpectrum`,
 1 AS `hardwareID`,
 1 AS `spectrumTypeID`,
 1 AS `spectrumFileTypeID`,
 1 AS `detectedID`,
 1 AS `resolutionRate`,
 1 AS `xUnit`,
 1 AS `yUnit`,
 1 AS `spectrumFile`,
 1 AS `saveTime`,
 1 AS `description`,
 1 AS `isStandard`,
 1 AS `peakID`,
 1 AS `peaks`*/;
SET character_set_client = @saved_cs_client;

--
-- Temporary view structure for view `v_submitstandard`
--

DROP TABLE IF EXISTS `v_submitstandard`;
/*!50001 DROP VIEW IF EXISTS `v_submitstandard`*/;
SET @saved_cs_client     = @@character_set_client;
SET character_set_client = utf8;
/*!50001 CREATE VIEW `v_submitstandard` AS SELECT 
 1 AS `submitID`,
 1 AS `submitTime`,
 1 AS `state`,
 1 AS `spectrumID`,
 1 AS `spectrumName`,
 1 AS `userID`,
 1 AS `originalSpectrum`,
 1 AS `hardwareID`,
 1 AS `spectrumTypeID`,
 1 AS `spectrumFileTypeID`,
 1 AS `detectedID`,
 1 AS `resolutionRate`,
 1 AS `xUnit`,
 1 AS `yUnit`,
 1 AS `spectrumFile`,
 1 AS `saveTime`,
 1 AS `description`,
 1 AS `isStandard`,
 1 AS `hardwareName`,
 1 AS `addTime`,
 1 AS `spectrumType`,
 1 AS `spectrumFileType`,
 1 AS `categoryID`,
 1 AS `categoryName`,
 1 AS `chineseName`,
 1 AS `englishName`*/;
SET character_set_client = @saved_cs_client;

--
-- Temporary view structure for view `v_thaw_application`
--

DROP TABLE IF EXISTS `v_thaw_application`;
/*!50001 DROP VIEW IF EXISTS `v_thaw_application`*/;
SET @saved_cs_client     = @@character_set_client;
SET character_set_client = utf8;
/*!50001 CREATE VIEW `v_thaw_application` AS SELECT 
 1 AS `applicationID`,
 1 AS `reason`,
 1 AS `applyTime`,
 1 AS `app_state`,
 1 AS `userID`,
 1 AS `username`,
 1 AS `roleID`,
 1 AS `email`,
 1 AS `password`,
 1 AS `realName`,
 1 AS `IDNumber`,
 1 AS `tel`,
 1 AS `gender`,
 1 AS `birthday`,
 1 AS `address`,
 1 AS `institute`,
 1 AS `position`,
 1 AS `photo`,
 1 AS `detail`,
 1 AS `state`,
 1 AS `thawTime`,
 1 AS `roleName`*/;
SET character_set_client = @saved_cs_client;

--
-- Temporary view structure for view `v_user`
--

DROP TABLE IF EXISTS `v_user`;
/*!50001 DROP VIEW IF EXISTS `v_user`*/;
SET @saved_cs_client     = @@character_set_client;
SET character_set_client = utf8;
/*!50001 CREATE VIEW `v_user` AS SELECT 
 1 AS `userID`,
 1 AS `username`,
 1 AS `roleID`,
 1 AS `email`,
 1 AS `password`,
 1 AS `realName`,
 1 AS `IDNumber`,
 1 AS `tel`,
 1 AS `gender`,
 1 AS `birthday`,
 1 AS `address`,
 1 AS `institute`,
 1 AS `position`,
 1 AS `photo`,
 1 AS `detail`,
 1 AS `state`,
 1 AS `thawTime`,
 1 AS `roleName`*/;
SET character_set_client = @saved_cs_client;

--
-- Final view structure for view `v_content`
--

/*!50001 DROP VIEW IF EXISTS `v_content`*/;
/*!50001 SET @saved_cs_client          = @@character_set_client */;
/*!50001 SET @saved_cs_results         = @@character_set_results */;
/*!50001 SET @saved_col_connection     = @@collation_connection */;
/*!50001 SET character_set_client      = utf8 */;
/*!50001 SET character_set_results     = utf8 */;
/*!50001 SET collation_connection      = utf8_general_ci */;
/*!50001 CREATE ALGORITHM=UNDEFINED */
/*!50013 DEFINER=`root`@`localhost` SQL SECURITY DEFINER */
/*!50001 VIEW `v_content` AS select `t_content`.`contentID` AS `contentID`,`t_content`.`categoryID` AS `categoryID`,`t_content`.`chineseName` AS `chineseName`,`t_content`.`englishName` AS `englishName`,`t_content`.`chemicalName` AS `chemicalName`,`t_contentcategory`.`categoryName` AS `categoryName` from (`t_content` left join `t_contentcategory` on((`t_contentcategory`.`categoryID` = `t_content`.`categoryID`))) order by `t_content`.`categoryID` */;
/*!50001 SET character_set_client      = @saved_cs_client */;
/*!50001 SET character_set_results     = @saved_cs_results */;
/*!50001 SET collation_connection      = @saved_col_connection */;

--
-- Final view structure for view `v_detectedobject`
--

/*!50001 DROP VIEW IF EXISTS `v_detectedobject`*/;
/*!50001 SET @saved_cs_client          = @@character_set_client */;
/*!50001 SET @saved_cs_results         = @@character_set_results */;
/*!50001 SET @saved_col_connection     = @@collation_connection */;
/*!50001 SET character_set_client      = utf8 */;
/*!50001 SET character_set_results     = utf8 */;
/*!50001 SET collation_connection      = utf8_general_ci */;
/*!50001 CREATE ALGORITHM=UNDEFINED */
/*!50013 DEFINER=`root`@`localhost` SQL SECURITY DEFINER */
/*!50001 VIEW `v_detectedobject` AS select `t_detectedobject`.`detectedID` AS `detectedID`,`t_detectedobject`.`categoryID` AS `categoryID`,`t_detectedobject`.`chineseName` AS `chineseName`,`t_detectedobject`.`englishName` AS `englishName`,`t_detectedcategory`.`categoryName` AS `categoryName`,`t_detectedcategory`.`parentID` AS `parentID` from (`t_detectedobject` left join `t_detectedcategory` on((`t_detectedcategory`.`categoryID` = `t_detectedobject`.`categoryID`))) order by `t_detectedobject`.`categoryID` */;
/*!50001 SET character_set_client      = @saved_cs_client */;
/*!50001 SET character_set_results     = @saved_cs_results */;
/*!50001 SET collation_connection      = @saved_col_connection */;

--
-- Final view structure for view `v_favorite`
--

/*!50001 DROP VIEW IF EXISTS `v_favorite`*/;
/*!50001 SET @saved_cs_client          = @@character_set_client */;
/*!50001 SET @saved_cs_results         = @@character_set_results */;
/*!50001 SET @saved_col_connection     = @@collation_connection */;
/*!50001 SET character_set_client      = utf8 */;
/*!50001 SET character_set_results     = utf8 */;
/*!50001 SET collation_connection      = utf8_general_ci */;
/*!50001 CREATE ALGORITHM=UNDEFINED */
/*!50013 DEFINER=`root`@`localhost` SQL SECURITY DEFINER */
/*!50001 VIEW `v_favorite` AS select `t_favorite`.`favoriteID` AS `favoriteID`,`t_favorite`.`favoriteName` AS `favoriteName`,`t_favorite`.`path` AS `path`,`t_user`.`userID` AS `userID`,`t_user`.`username` AS `username`,`t_user`.`roleID` AS `roleID`,`t_user`.`email` AS `email`,`t_user`.`password` AS `password`,`t_user`.`realName` AS `realName`,`t_user`.`IDNumber` AS `IDNumber`,`t_user`.`tel` AS `tel`,`t_user`.`gender` AS `gender`,`t_user`.`birthday` AS `birthday`,`t_user`.`address` AS `address`,`t_user`.`institute` AS `institute`,`t_user`.`position` AS `position`,`t_user`.`photo` AS `photo`,`t_user`.`detail` AS `detail`,`t_user`.`state` AS `state`,`t_user`.`thawTime` AS `thawTime` from (`t_favorite` left join `t_user` on((`t_user`.`userID` = `t_favorite`.`userID`))) order by `t_favorite`.`userID`,`t_favorite`.`favoriteID` */;
/*!50001 SET character_set_client      = @saved_cs_client */;
/*!50001 SET character_set_results     = @saved_cs_results */;
/*!50001 SET collation_connection      = @saved_col_connection */;

--
-- Final view structure for view `v_favoritespectrum`
--

/*!50001 DROP VIEW IF EXISTS `v_favoritespectrum`*/;
/*!50001 SET @saved_cs_client          = @@character_set_client */;
/*!50001 SET @saved_cs_results         = @@character_set_results */;
/*!50001 SET @saved_col_connection     = @@collation_connection */;
/*!50001 SET character_set_client      = utf8 */;
/*!50001 SET character_set_results     = utf8 */;
/*!50001 SET collation_connection      = utf8_general_ci */;
/*!50001 CREATE ALGORITHM=UNDEFINED */
/*!50013 DEFINER=`root`@`localhost` SQL SECURITY DEFINER */
/*!50001 VIEW `v_favoritespectrum` AS select `v_spectrum`.`spectrumID` AS `spectrumID`,`v_spectrum`.`spectrumName` AS `spectrumName`,`v_spectrum`.`userID` AS `userID`,`v_spectrum`.`originalSpectrum` AS `originalSpectrum`,`v_spectrum`.`hardwareID` AS `hardwareID`,`v_spectrum`.`spectrumTypeID` AS `spectrumTypeID`,`v_spectrum`.`spectrumFileTypeID` AS `spectrumFileTypeID`,`v_spectrum`.`detectedID` AS `detectedID`,`v_spectrum`.`resolutionRate` AS `resolutionRate`,`v_spectrum`.`xUnit` AS `xUnit`,`v_spectrum`.`yUnit` AS `yUnit`,`v_spectrum`.`spectrumFile` AS `spectrumFile`,`v_spectrum`.`saveTime` AS `saveTime`,`v_spectrum`.`description` AS `description`,`v_spectrum`.`isStandard` AS `isStandard`,`v_spectrum`.`hardwareName` AS `hardwareName`,`v_spectrum`.`addTime` AS `addTime`,`v_spectrum`.`spectrumType` AS `spectrumType`,`v_spectrum`.`spectrumFileType` AS `spectrumFileType`,`v_spectrum`.`categoryID` AS `categoryID`,`v_spectrum`.`categoryName` AS `categoryName`,`v_spectrum`.`chineseName` AS `chineseName`,`v_spectrum`.`englishName` AS `englishName`,`t_favorite`.`favoriteID` AS `favoriteID`,`t_favorite`.`favoriteName` AS `favoriteName`,`t_favorite`.`path` AS `path` from ((`t_favoritespectrum` left join `t_favorite` on((`t_favorite`.`favoriteID` = `t_favoritespectrum`.`favoriteID`))) left join `v_spectrum` on((`v_spectrum`.`spectrumID` = `t_favoritespectrum`.`spectrumID`))) order by `t_favoritespectrum`.`favoriteID`,`t_favoritespectrum`.`spectrumID` */;
/*!50001 SET character_set_client      = @saved_cs_client */;
/*!50001 SET character_set_results     = @saved_cs_results */;
/*!50001 SET collation_connection      = @saved_col_connection */;

--
-- Final view structure for view `v_hardware`
--

/*!50001 DROP VIEW IF EXISTS `v_hardware`*/;
/*!50001 SET @saved_cs_client          = @@character_set_client */;
/*!50001 SET @saved_cs_results         = @@character_set_results */;
/*!50001 SET @saved_col_connection     = @@collation_connection */;
/*!50001 SET character_set_client      = utf8 */;
/*!50001 SET character_set_results     = utf8 */;
/*!50001 SET collation_connection      = utf8_general_ci */;
/*!50001 CREATE ALGORITHM=UNDEFINED */
/*!50013 DEFINER=`root`@`localhost` SQL SECURITY DEFINER */
/*!50001 VIEW `v_hardware` AS select `t_hardware`.`hardwareID` AS `hardwareID`,`t_hardware`.`hardwareName` AS `hardwareName`,`t_hardware`.`addTime` AS `addTime`,`v_hardwarespectrumtype`.`spectrumTypeID` AS `spectrumTypeID`,`v_hardwarespectrumtype`.`spectrumType` AS `spectrumType`,`v_hardwarespectrumfiletype`.`spectrumFileTypeID` AS `spectrumFileTypeID`,`v_hardwarespectrumfiletype`.`spectrumFileType` AS `spectrumFileType` from ((`t_hardware` left join `v_hardwarespectrumtype` on((`v_hardwarespectrumtype`.`hardwareID` = `t_hardware`.`hardwareID`))) left join `v_hardwarespectrumfiletype` on((`v_hardwarespectrumfiletype`.`hardwareID` = `t_hardware`.`hardwareID`))) */;
/*!50001 SET character_set_client      = @saved_cs_client */;
/*!50001 SET character_set_results     = @saved_cs_results */;
/*!50001 SET collation_connection      = @saved_col_connection */;

--
-- Final view structure for view `v_hardwarespectrumfiletype`
--

/*!50001 DROP VIEW IF EXISTS `v_hardwarespectrumfiletype`*/;
/*!50001 SET @saved_cs_client          = @@character_set_client */;
/*!50001 SET @saved_cs_results         = @@character_set_results */;
/*!50001 SET @saved_col_connection     = @@collation_connection */;
/*!50001 SET character_set_client      = utf8 */;
/*!50001 SET character_set_results     = utf8 */;
/*!50001 SET collation_connection      = utf8_general_ci */;
/*!50001 CREATE ALGORITHM=UNDEFINED */
/*!50013 DEFINER=`root`@`localhost` SQL SECURITY DEFINER */
/*!50001 VIEW `v_hardwarespectrumfiletype` AS select `t_hardwarespectrumfiletype`.`hardwareID` AS `hardwareID`,`t_hardwarespectrumfiletype`.`spectrumFileTypeID` AS `spectrumFileTypeID`,`t_spectrumfiletype`.`spectrumFileType` AS `spectrumFileType` from (`t_hardwarespectrumfiletype` left join `t_spectrumfiletype` on((`t_spectrumfiletype`.`spectrumFileTypeID` = `t_hardwarespectrumfiletype`.`spectrumFileTypeID`))) order by `t_hardwarespectrumfiletype`.`spectrumFileTypeID` */;
/*!50001 SET character_set_client      = @saved_cs_client */;
/*!50001 SET character_set_results     = @saved_cs_results */;
/*!50001 SET collation_connection      = @saved_col_connection */;

--
-- Final view structure for view `v_hardwarespectrumtype`
--

/*!50001 DROP VIEW IF EXISTS `v_hardwarespectrumtype`*/;
/*!50001 SET @saved_cs_client          = @@character_set_client */;
/*!50001 SET @saved_cs_results         = @@character_set_results */;
/*!50001 SET @saved_col_connection     = @@collation_connection */;
/*!50001 SET character_set_client      = utf8 */;
/*!50001 SET character_set_results     = utf8 */;
/*!50001 SET collation_connection      = utf8_general_ci */;
/*!50001 CREATE ALGORITHM=UNDEFINED */
/*!50013 DEFINER=`root`@`localhost` SQL SECURITY DEFINER */
/*!50001 VIEW `v_hardwarespectrumtype` AS select `t_hardwarespectrumtype`.`hardwareID` AS `hardwareID`,`t_hardwarespectrumtype`.`spectrumTypeID` AS `spectrumTypeID`,`t_spectrumtype`.`spectrumType` AS `spectrumType` from (`t_hardwarespectrumtype` left join `t_spectrumtype` on((`t_spectrumtype`.`spectrumTypeID` = `t_hardwarespectrumtype`.`spectrumTypeID`))) order by `t_hardwarespectrumtype`.`spectrumTypeID` */;
/*!50001 SET character_set_client      = @saved_cs_client */;
/*!50001 SET character_set_results     = @saved_cs_results */;
/*!50001 SET collation_connection      = @saved_col_connection */;

--
-- Final view structure for view `v_log`
--

/*!50001 DROP VIEW IF EXISTS `v_log`*/;
/*!50001 SET @saved_cs_client          = @@character_set_client */;
/*!50001 SET @saved_cs_results         = @@character_set_results */;
/*!50001 SET @saved_col_connection     = @@collation_connection */;
/*!50001 SET character_set_client      = utf8 */;
/*!50001 SET character_set_results     = utf8 */;
/*!50001 SET collation_connection      = utf8_general_ci */;
/*!50001 CREATE ALGORITHM=UNDEFINED */
/*!50013 DEFINER=`root`@`localhost` SQL SECURITY DEFINER */
/*!50001 VIEW `v_log` AS select `t_log`.`logID` AS `logID`,`t_log`.`level` AS `level`,`t_log`.`type` AS `type`,`t_log`.`time` AS `time`,`t_log`.`ip` AS `ip`,`t_log`.`functionID` AS `functionID`,`t_log`.`content` AS `content`,`t_function`.`functionName` AS `functionName`,`t_function`.`functionURL` AS `functionURL`,`v_user`.`userID` AS `userID`,`v_user`.`username` AS `username`,`v_user`.`roleID` AS `roleID`,`v_user`.`email` AS `email`,`v_user`.`password` AS `password`,`v_user`.`realName` AS `realName`,`v_user`.`IDNumber` AS `IDNumber`,`v_user`.`tel` AS `tel`,`v_user`.`gender` AS `gender`,`v_user`.`birthday` AS `birthday`,`v_user`.`address` AS `address`,`v_user`.`institute` AS `institute`,`v_user`.`position` AS `position`,`v_user`.`photo` AS `photo`,`v_user`.`detail` AS `detail`,`v_user`.`state` AS `state`,`v_user`.`thawTime` AS `thawTime`,`v_user`.`roleName` AS `roleName` from ((`t_log` left join `t_function` on((`t_function`.`functionID` = `t_log`.`functionID`))) left join `v_user` on((`v_user`.`userID` = `t_log`.`userID`))) order by `t_log`.`time` desc,`v_user`.`roleID`,`t_log`.`functionID` */;
/*!50001 SET character_set_client      = @saved_cs_client */;
/*!50001 SET character_set_results     = @saved_cs_results */;
/*!50001 SET collation_connection      = @saved_col_connection */;

--
-- Final view structure for view `v_plugin`
--

/*!50001 DROP VIEW IF EXISTS `v_plugin`*/;
/*!50001 SET @saved_cs_client          = @@character_set_client */;
/*!50001 SET @saved_cs_results         = @@character_set_results */;
/*!50001 SET @saved_col_connection     = @@collation_connection */;
/*!50001 SET character_set_client      = utf8 */;
/*!50001 SET character_set_results     = utf8 */;
/*!50001 SET collation_connection      = utf8_general_ci */;
/*!50001 CREATE ALGORITHM=UNDEFINED */
/*!50013 DEFINER=`root`@`localhost` SQL SECURITY DEFINER */
/*!50001 VIEW `v_plugin` AS select `t_plugin`.`pluginID` AS `pluginID`,`t_plugin`.`userID` AS `userID`,`t_plugin`.`pluginType` AS `pluginType`,`t_plugin`.`pluginName` AS `pluginName`,`t_plugin`.`description` AS `description`,`t_plugin`.`version` AS `version`,`t_plugin`.`codePath` AS `codePath`,`t_plugin`.`jarPath` AS `jarPath`,`t_plugin`.`addTime` AS `addTime`,`t_plugin`.`state` AS `state`,`t_plugin_detected_content`.`contentID` AS `contentID`,`t_plugin_detected_content`.`detectedID` AS `detectedID`,`t_plugin_hardware_spectrumtype`.`hardwareID` AS `hardwareID`,`t_plugin_hardware_spectrumtype`.`spectrumTypeID` AS `spectrumTypeID` from ((`t_plugin` left join `t_plugin_detected_content` on((`t_plugin_detected_content`.`pluginID` = `t_plugin`.`pluginID`))) left join `t_plugin_hardware_spectrumtype` on((`t_plugin_hardware_spectrumtype`.`pluginID` = `t_plugin`.`pluginID`))) */;
/*!50001 SET character_set_client      = @saved_cs_client */;
/*!50001 SET character_set_results     = @saved_cs_results */;
/*!50001 SET collation_connection      = @saved_col_connection */;

--
-- Final view structure for view `v_power`
--

/*!50001 DROP VIEW IF EXISTS `v_power`*/;
/*!50001 SET @saved_cs_client          = @@character_set_client */;
/*!50001 SET @saved_cs_results         = @@character_set_results */;
/*!50001 SET @saved_col_connection     = @@collation_connection */;
/*!50001 SET character_set_client      = utf8 */;
/*!50001 SET character_set_results     = utf8 */;
/*!50001 SET collation_connection      = utf8_general_ci */;
/*!50001 CREATE ALGORITHM=UNDEFINED */
/*!50013 DEFINER=`root`@`localhost` SQL SECURITY DEFINER */
/*!50001 VIEW `v_power` AS select `t_role`.`roleID` AS `roleID`,`t_role`.`roleName` AS `roleName`,`t_function`.`functionID` AS `functionID`,`t_function`.`functionName` AS `functionName`,`t_function`.`functionURL` AS `functionURL` from ((`t_power` left join `t_role` on((`t_role`.`roleID` = `t_power`.`roleID`))) left join `t_function` on((`t_function`.`functionID` = `t_power`.`functionID`))) order by `t_role`.`roleID`,`t_function`.`functionID` */;
/*!50001 SET character_set_client      = @saved_cs_client */;
/*!50001 SET character_set_results     = @saved_cs_results */;
/*!50001 SET collation_connection      = @saved_col_connection */;

--
-- Final view structure for view `v_report`
--

/*!50001 DROP VIEW IF EXISTS `v_report`*/;
/*!50001 SET @saved_cs_client          = @@character_set_client */;
/*!50001 SET @saved_cs_results         = @@character_set_results */;
/*!50001 SET @saved_col_connection     = @@collation_connection */;
/*!50001 SET character_set_client      = utf8 */;
/*!50001 SET character_set_results     = utf8 */;
/*!50001 SET collation_connection      = utf8_general_ci */;
/*!50001 CREATE ALGORITHM=UNDEFINED */
/*!50013 DEFINER=`root`@`localhost` SQL SECURITY DEFINER */
/*!50001 VIEW `v_report` AS select `t_report`.`reportID` AS `reportID`,`t_report`.`concentration` AS `concentration`,`t_report`.`saveTime` AS `reportSaveTime`,`v_spectrum`.`spectrumID` AS `spectrumID`,`v_spectrum`.`spectrumName` AS `spectrumName`,`v_spectrum`.`userID` AS `userID`,`v_spectrum`.`originalSpectrum` AS `originalSpectrum`,`v_spectrum`.`hardwareID` AS `hardwareID`,`v_spectrum`.`spectrumTypeID` AS `spectrumTypeID`,`v_spectrum`.`spectrumFileTypeID` AS `spectrumFileTypeID`,`v_spectrum`.`detectedID` AS `detectedID`,`v_spectrum`.`resolutionRate` AS `resolutionRate`,`v_spectrum`.`xUnit` AS `xUnit`,`v_spectrum`.`yUnit` AS `yUnit`,`v_spectrum`.`spectrumFile` AS `spectrumFile`,`v_spectrum`.`saveTime` AS `saveTime`,`v_spectrum`.`description` AS `description`,`v_spectrum`.`isStandard` AS `isStandard`,`v_spectrum`.`hardwareName` AS `hardwareName`,`v_spectrum`.`addTime` AS `addTime`,`v_spectrum`.`spectrumType` AS `spectrumType`,`v_spectrum`.`spectrumFileType` AS `spectrumFileType`,`v_spectrum`.`categoryID` AS `categoryID`,`v_spectrum`.`categoryName` AS `categoryName`,`v_spectrum`.`chineseName` AS `chineseName`,`v_spectrum`.`englishName` AS `englishName`,`t_content`.`contentID` AS `contentID`,`t_content`.`chineseName` AS `contentChineseName`,`t_content`.`englishName` AS `contentEnglishName` from ((`t_report` left join `t_content` on((`t_content`.`contentID` = `t_report`.`contentID`))) left join `v_spectrum` on((`v_spectrum`.`spectrumID` = `t_report`.`spectrumID`))) */;
/*!50001 SET character_set_client      = @saved_cs_client */;
/*!50001 SET character_set_results     = @saved_cs_results */;
/*!50001 SET collation_connection      = @saved_col_connection */;

--
-- Final view structure for view `v_role_application`
--

/*!50001 DROP VIEW IF EXISTS `v_role_application`*/;
/*!50001 SET @saved_cs_client          = @@character_set_client */;
/*!50001 SET @saved_cs_results         = @@character_set_results */;
/*!50001 SET @saved_col_connection     = @@collation_connection */;
/*!50001 SET character_set_client      = utf8 */;
/*!50001 SET character_set_results     = utf8 */;
/*!50001 SET collation_connection      = utf8_general_ci */;
/*!50001 CREATE ALGORITHM=UNDEFINED */
/*!50013 DEFINER=`root`@`localhost` SQL SECURITY DEFINER */
/*!50001 VIEW `v_role_application` AS select `t_role_application`.`applicationID` AS `applicationID`,`t_role_application`.`applyTime` AS `applyTime`,`t_role_application`.`roleID` AS `app_roleID`,`t_role_application`.`state` AS `app_state`,`t_role_application`.`applyFile` AS `applyFile`,`t_role`.`roleName` AS `app_roleName`,`v_user`.`userID` AS `userID`,`v_user`.`username` AS `username`,`v_user`.`roleID` AS `roleID`,`v_user`.`email` AS `email`,`v_user`.`password` AS `password`,`v_user`.`realName` AS `realName`,`v_user`.`IDNumber` AS `IDNumber`,`v_user`.`tel` AS `tel`,`v_user`.`gender` AS `gender`,`v_user`.`birthday` AS `birthday`,`v_user`.`address` AS `address`,`v_user`.`institute` AS `institute`,`v_user`.`position` AS `position`,`v_user`.`photo` AS `photo`,`v_user`.`detail` AS `detail`,`v_user`.`state` AS `state`,`v_user`.`thawTime` AS `thawTime`,`v_user`.`roleName` AS `roleName` from ((`t_role_application` left join `v_user` on((`v_user`.`userID` = `t_role_application`.`userID`))) left join `t_role` on((`t_role`.`roleID` = `t_role_application`.`roleID`))) */;
/*!50001 SET character_set_client      = @saved_cs_client */;
/*!50001 SET character_set_results     = @saved_cs_results */;
/*!50001 SET collation_connection      = @saved_col_connection */;

--
-- Final view structure for view `v_spectrum`
--

/*!50001 DROP VIEW IF EXISTS `v_spectrum`*/;
/*!50001 SET @saved_cs_client          = @@character_set_client */;
/*!50001 SET @saved_cs_results         = @@character_set_results */;
/*!50001 SET @saved_col_connection     = @@collation_connection */;
/*!50001 SET character_set_client      = utf8 */;
/*!50001 SET character_set_results     = utf8 */;
/*!50001 SET collation_connection      = utf8_general_ci */;
/*!50001 CREATE ALGORITHM=UNDEFINED */
/*!50013 DEFINER=`root`@`localhost` SQL SECURITY DEFINER */
/*!50001 VIEW `v_spectrum` AS select `t_spectrum`.`spectrumID` AS `spectrumID`,`t_spectrum`.`spectrumName` AS `spectrumName`,`t_spectrum`.`userID` AS `userID`,`t_spectrum`.`originalSpectrum` AS `originalSpectrum`,`t_spectrum`.`hardwareID` AS `hardwareID`,`t_spectrum`.`spectrumTypeID` AS `spectrumTypeID`,`t_spectrum`.`spectrumFileTypeID` AS `spectrumFileTypeID`,`t_spectrum`.`detectedID` AS `detectedID`,`t_spectrum`.`resolutionRate` AS `resolutionRate`,`t_spectrum`.`xUnit` AS `xUnit`,`t_spectrum`.`yUnit` AS `yUnit`,`t_spectrum`.`spectrumFile` AS `spectrumFile`,`t_spectrum`.`saveTime` AS `saveTime`,`t_spectrum`.`description` AS `description`,`t_spectrum`.`isStandard` AS `isStandard`,`t_hardware`.`hardwareName` AS `hardwareName`,`t_hardware`.`addTime` AS `addTime`,`t_spectrumtype`.`spectrumType` AS `spectrumType`,`t_spectrumfiletype`.`spectrumFileType` AS `spectrumFileType`,`v_detectedobject`.`categoryID` AS `categoryID`,`v_detectedobject`.`categoryName` AS `categoryName`,`v_detectedobject`.`chineseName` AS `chineseName`,`v_detectedobject`.`englishName` AS `englishName` from ((((`t_spectrum` left join `t_hardware` on((`t_hardware`.`hardwareID` = `t_spectrum`.`hardwareID`))) left join `t_spectrumtype` on((`t_spectrumtype`.`spectrumTypeID` = `t_spectrum`.`spectrumTypeID`))) left join `t_spectrumfiletype` on((`t_spectrumfiletype`.`spectrumFileTypeID` = `t_spectrum`.`spectrumFileTypeID`))) left join `v_detectedobject` on((`v_detectedobject`.`detectedID` = `t_spectrum`.`detectedID`))) order by `t_spectrum`.`spectrumTypeID`,`t_spectrum`.`hardwareID`,`t_spectrum`.`spectrumFileTypeID`,`t_spectrum`.`spectrumID` */;
/*!50001 SET character_set_client      = @saved_cs_client */;
/*!50001 SET character_set_results     = @saved_cs_results */;
/*!50001 SET collation_connection      = @saved_col_connection */;

--
-- Final view structure for view `v_spectrumcontent`
--

/*!50001 DROP VIEW IF EXISTS `v_spectrumcontent`*/;
/*!50001 SET @saved_cs_client          = @@character_set_client */;
/*!50001 SET @saved_cs_results         = @@character_set_results */;
/*!50001 SET @saved_col_connection     = @@collation_connection */;
/*!50001 SET character_set_client      = utf8 */;
/*!50001 SET character_set_results     = utf8 */;
/*!50001 SET collation_connection      = utf8_general_ci */;
/*!50001 CREATE ALGORITHM=UNDEFINED */
/*!50013 DEFINER=`root`@`localhost` SQL SECURITY DEFINER */
/*!50001 VIEW `v_spectrumcontent` AS select `t_spectrum`.`spectrumID` AS `spectrumID`,`t_spectrum`.`spectrumName` AS `spectrumName`,`t_spectrum`.`userID` AS `userID`,`t_spectrum`.`originalSpectrum` AS `originalSpectrum`,`t_spectrum`.`hardwareID` AS `hardwareID`,`t_spectrum`.`spectrumTypeID` AS `spectrumTypeID`,`t_spectrum`.`spectrumFileTypeID` AS `spectrumFileTypeID`,`t_spectrum`.`detectedID` AS `detectedID`,`t_spectrum`.`resolutionRate` AS `resolutionRate`,`t_spectrum`.`xUnit` AS `xUnit`,`t_spectrum`.`yUnit` AS `yUnit`,`t_spectrum`.`spectrumFile` AS `spectrumFile`,`t_spectrum`.`saveTime` AS `saveTime`,`t_spectrum`.`description` AS `description`,`t_spectrum`.`isStandard` AS `isStandard`,`v_content`.`contentID` AS `contentID`,`v_content`.`categoryID` AS `categoryID`,`v_content`.`chineseName` AS `chineseName`,`v_content`.`englishName` AS `englishName`,`v_content`.`chemicalName` AS `chemicalName`,`v_content`.`categoryName` AS `categoryName` from ((`t_spectrumcontent` left join `t_spectrum` on((`t_spectrum`.`spectrumID` = `t_spectrumcontent`.`spectrumID`))) left join `v_content` on((`v_content`.`contentID` = `t_spectrumcontent`.`contentID`))) */;
/*!50001 SET character_set_client      = @saved_cs_client */;
/*!50001 SET character_set_results     = @saved_cs_results */;
/*!50001 SET collation_connection      = @saved_col_connection */;

--
-- Final view structure for view `v_spectrumpeak`
--

/*!50001 DROP VIEW IF EXISTS `v_spectrumpeak`*/;
/*!50001 SET @saved_cs_client          = @@character_set_client */;
/*!50001 SET @saved_cs_results         = @@character_set_results */;
/*!50001 SET @saved_col_connection     = @@collation_connection */;
/*!50001 SET character_set_client      = utf8 */;
/*!50001 SET character_set_results     = utf8 */;
/*!50001 SET collation_connection      = utf8_general_ci */;
/*!50001 CREATE ALGORITHM=UNDEFINED */
/*!50013 DEFINER=`root`@`localhost` SQL SECURITY DEFINER */
/*!50001 VIEW `v_spectrumpeak` AS select `t_spectrum`.`spectrumID` AS `spectrumID`,`t_spectrum`.`spectrumName` AS `spectrumName`,`t_spectrum`.`userID` AS `userID`,`t_spectrum`.`originalSpectrum` AS `originalSpectrum`,`t_spectrum`.`hardwareID` AS `hardwareID`,`t_spectrum`.`spectrumTypeID` AS `spectrumTypeID`,`t_spectrum`.`spectrumFileTypeID` AS `spectrumFileTypeID`,`t_spectrum`.`detectedID` AS `detectedID`,`t_spectrum`.`resolutionRate` AS `resolutionRate`,`t_spectrum`.`xUnit` AS `xUnit`,`t_spectrum`.`yUnit` AS `yUnit`,`t_spectrum`.`spectrumFile` AS `spectrumFile`,`t_spectrum`.`saveTime` AS `saveTime`,`t_spectrum`.`description` AS `description`,`t_spectrum`.`isStandard` AS `isStandard`,`t_spectrumpeak`.`peakID` AS `peakID`,`t_spectrumpeak`.`peaks` AS `peaks` from (`t_spectrumpeak` left join `t_spectrum` on((`t_spectrum`.`spectrumID` = `t_spectrumpeak`.`spectrumID`))) */;
/*!50001 SET character_set_client      = @saved_cs_client */;
/*!50001 SET character_set_results     = @saved_cs_results */;
/*!50001 SET collation_connection      = @saved_col_connection */;

--
-- Final view structure for view `v_submitstandard`
--

/*!50001 DROP VIEW IF EXISTS `v_submitstandard`*/;
/*!50001 SET @saved_cs_client          = @@character_set_client */;
/*!50001 SET @saved_cs_results         = @@character_set_results */;
/*!50001 SET @saved_col_connection     = @@collation_connection */;
/*!50001 SET character_set_client      = utf8 */;
/*!50001 SET character_set_results     = utf8 */;
/*!50001 SET collation_connection      = utf8_general_ci */;
/*!50001 CREATE ALGORITHM=UNDEFINED */
/*!50013 DEFINER=`root`@`localhost` SQL SECURITY DEFINER */
/*!50001 VIEW `v_submitstandard` AS select `t_submitstandard`.`submitID` AS `submitID`,`t_submitstandard`.`submitTime` AS `submitTime`,`t_submitstandard`.`state` AS `state`,`v_spectrum`.`spectrumID` AS `spectrumID`,`v_spectrum`.`spectrumName` AS `spectrumName`,`v_spectrum`.`userID` AS `userID`,`v_spectrum`.`originalSpectrum` AS `originalSpectrum`,`v_spectrum`.`hardwareID` AS `hardwareID`,`v_spectrum`.`spectrumTypeID` AS `spectrumTypeID`,`v_spectrum`.`spectrumFileTypeID` AS `spectrumFileTypeID`,`v_spectrum`.`detectedID` AS `detectedID`,`v_spectrum`.`resolutionRate` AS `resolutionRate`,`v_spectrum`.`xUnit` AS `xUnit`,`v_spectrum`.`yUnit` AS `yUnit`,`v_spectrum`.`spectrumFile` AS `spectrumFile`,`v_spectrum`.`saveTime` AS `saveTime`,`v_spectrum`.`description` AS `description`,`v_spectrum`.`isStandard` AS `isStandard`,`v_spectrum`.`hardwareName` AS `hardwareName`,`v_spectrum`.`addTime` AS `addTime`,`v_spectrum`.`spectrumType` AS `spectrumType`,`v_spectrum`.`spectrumFileType` AS `spectrumFileType`,`v_spectrum`.`categoryID` AS `categoryID`,`v_spectrum`.`categoryName` AS `categoryName`,`v_spectrum`.`chineseName` AS `chineseName`,`v_spectrum`.`englishName` AS `englishName` from (`t_submitstandard` left join `v_spectrum` on((`v_spectrum`.`spectrumID` = `t_submitstandard`.`spectrumID`))) */;
/*!50001 SET character_set_client      = @saved_cs_client */;
/*!50001 SET character_set_results     = @saved_cs_results */;
/*!50001 SET collation_connection      = @saved_col_connection */;

--
-- Final view structure for view `v_thaw_application`
--

/*!50001 DROP VIEW IF EXISTS `v_thaw_application`*/;
/*!50001 SET @saved_cs_client          = @@character_set_client */;
/*!50001 SET @saved_cs_results         = @@character_set_results */;
/*!50001 SET @saved_col_connection     = @@collation_connection */;
/*!50001 SET character_set_client      = utf8 */;
/*!50001 SET character_set_results     = utf8 */;
/*!50001 SET collation_connection      = utf8_general_ci */;
/*!50001 CREATE ALGORITHM=UNDEFINED */
/*!50013 DEFINER=`root`@`localhost` SQL SECURITY DEFINER */
/*!50001 VIEW `v_thaw_application` AS select `t_thaw_application`.`applicationID` AS `applicationID`,`t_thaw_application`.`reason` AS `reason`,`t_thaw_application`.`applyTime` AS `applyTime`,`t_thaw_application`.`state` AS `app_state`,`v_user`.`userID` AS `userID`,`v_user`.`username` AS `username`,`v_user`.`roleID` AS `roleID`,`v_user`.`email` AS `email`,`v_user`.`password` AS `password`,`v_user`.`realName` AS `realName`,`v_user`.`IDNumber` AS `IDNumber`,`v_user`.`tel` AS `tel`,`v_user`.`gender` AS `gender`,`v_user`.`birthday` AS `birthday`,`v_user`.`address` AS `address`,`v_user`.`institute` AS `institute`,`v_user`.`position` AS `position`,`v_user`.`photo` AS `photo`,`v_user`.`detail` AS `detail`,`v_user`.`state` AS `state`,`v_user`.`thawTime` AS `thawTime`,`v_user`.`roleName` AS `roleName` from (`t_thaw_application` left join `v_user` on((`v_user`.`userID` = `t_thaw_application`.`userID`))) */;
/*!50001 SET character_set_client      = @saved_cs_client */;
/*!50001 SET character_set_results     = @saved_cs_results */;
/*!50001 SET collation_connection      = @saved_col_connection */;

--
-- Final view structure for view `v_user`
--

/*!50001 DROP VIEW IF EXISTS `v_user`*/;
/*!50001 SET @saved_cs_client          = @@character_set_client */;
/*!50001 SET @saved_cs_results         = @@character_set_results */;
/*!50001 SET @saved_col_connection     = @@collation_connection */;
/*!50001 SET character_set_client      = utf8 */;
/*!50001 SET character_set_results     = utf8 */;
/*!50001 SET collation_connection      = utf8_general_ci */;
/*!50001 CREATE ALGORITHM=UNDEFINED */
/*!50013 DEFINER=`root`@`localhost` SQL SECURITY DEFINER */
/*!50001 VIEW `v_user` AS select `t_user`.`userID` AS `userID`,`t_user`.`username` AS `username`,`t_user`.`roleID` AS `roleID`,`t_user`.`email` AS `email`,`t_user`.`password` AS `password`,`t_user`.`realName` AS `realName`,`t_user`.`IDNumber` AS `IDNumber`,`t_user`.`tel` AS `tel`,`t_user`.`gender` AS `gender`,`t_user`.`birthday` AS `birthday`,`t_user`.`address` AS `address`,`t_user`.`institute` AS `institute`,`t_user`.`position` AS `position`,`t_user`.`photo` AS `photo`,`t_user`.`detail` AS `detail`,`t_user`.`state` AS `state`,`t_user`.`thawTime` AS `thawTime`,`t_role`.`roleName` AS `roleName` from (`t_user` left join `t_role` on((`t_role`.`roleID` = `t_user`.`roleID`))) order by `t_user`.`roleID`,`t_user`.`userID` */;
/*!50001 SET character_set_client      = @saved_cs_client */;
/*!50001 SET character_set_results     = @saved_cs_results */;
/*!50001 SET collation_connection      = @saved_col_connection */;
/*!40103 SET TIME_ZONE=@OLD_TIME_ZONE */;

/*!40101 SET SQL_MODE=@OLD_SQL_MODE */;
/*!40014 SET FOREIGN_KEY_CHECKS=@OLD_FOREIGN_KEY_CHECKS */;
/*!40014 SET UNIQUE_CHECKS=@OLD_UNIQUE_CHECKS */;
/*!40101 SET CHARACTER_SET_CLIENT=@OLD_CHARACTER_SET_CLIENT */;
/*!40101 SET CHARACTER_SET_RESULTS=@OLD_CHARACTER_SET_RESULTS */;
/*!40101 SET COLLATION_CONNECTION=@OLD_COLLATION_CONNECTION */;
/*!40111 SET SQL_NOTES=@OLD_SQL_NOTES */;

-- Dump completed on 2016-11-20 17:52:37
